CREATE DATABASE our_app;
CREATE USER 'admin'@'%' IDENTIFIED BY 'Daybreak-Craving-Unmolded-Shelter-Uselessly3';
GRANT ALL PRIVILEGES ON our_app.* TO 'admin'@'%';
FLUSH PRIVILEGES;

USE our_app;

CREATE TABLE schedule (
    schedule_id INT NOT NULL AUTO_INCREMENT,
    season YEAR NOT NULL,
    PRIMARY KEY (schedule_id)
);

INSERT INTO schedule (season)
VALUES (2022);

CREATE TABLE team (
    team_id INT NOT NULL AUTO_INCREMENT,
    teamName VARCHAR(30) NOT NULL UNIQUE,
    country VARCHAR(30) NOT NULL,
    city VARCHAR(30) NOT NULL,
    win_percentage DOUBLE,
    avg_yrds_per_push DOUBLE,
    net_yrds_per_pass DOUBLE,
    inter_prcnt DOUBLE,
    conference VARCHAR(30) NOT NULL,
    division VARCHAR(30) NOT NULL,
    schedule_id INT NOT NULL,
    projected_perf DOUBLE,
    PRIMARY KEY (team_id),
    FOREIGN KEY (schedule_id) REFERENCES schedule (schedule_id)
);

insert into team (teamName, country, city, win_percentage, avg_yrds_per_push, net_yrds_per_pass, inter_prcnt, conference, division, schedule_id, projected_perf)
values ('Arizona Cardinals', 'USA', 'Arizona', 65.69, 68.15, 43.85, 0.111, 'NFC', 'West', 1, 57),
 ('Atlanta Falcons', 'USA', 'Atlanta', 93.83, 58.47, 16.14, 1.707, 'NFC', 'South', 1, 82),
 ('Baltimore Ravens', 'USA', 'Baltimore', 26.19, 39.27, 7.04, 2.091, 'AFC', 'North', 1, 72),
 ('Buffalo Bills', 'USA', 'Buffalo', 63.66, 4.31, 2.1, 1.404, 'AFC', 'East', 1, 25),
 ('Carolina Panthers', 'USA', 'Carolina', 96.54, 4.6, 12.66, 1.029, 'NFC', 'South', 1, 6),
 ('Chicago Bears', 'USA', 'Chicago', 64.9, 15.17, 33.72, 2.69, 'NFC', 'North', 1, 99),
 ('Dallas Cowboys', 'USA', 'Dallas', 60.61, 6.35, 51.16, 2.081, 'NFC', 'East', 1, 67),
 ('Detroit Lions', 'USA', 'Detroit', 12.5, 57.38, 3.13, 1.626, 'NFC', 'North', 1, 25),
 ('Green Bay Packers', 'USA', 'Green Bay', 13.83, 22.13, 52.2, 0.862, 'NFC', 'North', 1, 68),
 ('Los Angeles Rams', 'USA', 'Los Angeles', 9.7, 35.12, 2.89, 2.21, 'NFC', 'West', 1, 41),
 ('Minnesota Vikings', 'USA', 'Minnesota', 7.34, 19.5, 15.01, 2.426, 'NFC', 'North', 1, 5),
 ('New Orleans Saints', 'USA', 'New Orleans', 62.66, 66.3, 12.34, 1.719, 'NFC', 'South', 1, 53),
 ('New York Giants', 'USA', 'New York', 8.09, 26.06, 14.74, 0.721, 'NFC', 'East', 1, 86),
 ('Philadelphia Eagles', 'USA', 'Philadelphia', 49.29, 27.25, 7.07, 2.278, 'NFC', 'East', 1, 98),
 ('San Francisco 49ers', 'USA', 'San Francisco', 57.08, 10.61, 23.8, 2.456, 'NFC', 'West', 1, 88),
 ('Seattle Seahawks', 'USA', 'Seattle', 94.3, 59.01, 1.05, 0.266, 'NFC', 'West', 1, 51),
 ('Tampa Bay Buccaneers', 'USA', 'Tampa Bay', 82.47, 31.49, 59.12, 2.115, 'NFC', 'South', 1, 100),
 ('Washington Commanders', 'USA', 'Washington', 43.73, 43.79, 50.2, 0.617, 'NFC', 'East', 1, 87),
 ('Cincinnati Bengals', 'USA', 'Cincinnati', 51.95, 48.16, 8.02, 1.217, 'AFC', 'North', 1, 71),
 ('Cleveland Browns', 'USA', 'Cleveland', 66.75, 1.6, 0.45, 1.723, 'AFC', 'North', 1, 99),
 ('Denver Broncos', 'USA', 'Denver', 38.09, 50.92, 14.84, 2.128, 'AFC', 'West', 1, 94),
 ('Houston Texans', 'USA', 'Houston', 37.73, 48.88, 55.77, 1.415, 'AFC', 'South', 1, 95),
 ('Indianapolis Colts', 'USA', 'Indianapolis', 1.99, 55.67, 1.98, 0.005, 'AFC', 'South', 1, 17),
 ('Jacksonville Jaguars', 'USA', 'Jacksonville', 99.22, 13.8, 37.63, 0.02, 'AFC', 'South', 1, 46),
 ('Kansas City Chiefs', 'USA', 'Kansas', 82.72, 33.69, 15.59, 1.535, 'AFC', 'West', 1, 87),
 ('Las Vegas Raiders', 'USA', 'Las Vegas', 16.45, 45.31, 15.67, 0.58, 'AFC', 'West', 1, 86),
 ('Los Angeles Chargers', 'USA', 'Los Angeles', 25.51, 56.88, 24.84, 1.766, 'AFC', 'West', 1, 10),
 ('Miami Dolphins', 'USA', 'Miami', 42.65, 52.72, 43.42, 2.842, 'AFC', 'East', 1, 33),
 ('New England Patriots', 'USA', 'New England', 79.8, 14.45, 54.6, 0.659, 'AFC', 'East', 1, 88),
 ('New York Jets', 'USA', 'New York', 56.27, 12.54, 43.71, 1.692, 'AFC', 'East', 1, 32),
 ('Pittsburgh Steelers', 'USA', 'Pittsburgh', 89.53, 64.72, 31.85, 1.319, 'AFC', 'North', 1, 21),
 ('Tennessee Titans', 'USA', 'Tennessee', 25.62, 18.12, 19.56, 0.953, 'AFC', 'South', 1, 71);


CREATE TABLE coach (
    coach_id INT NOT NULL AUTO_INCREMENT,
    firstName VARCHAR(20) NOT NULL,
    lastName VARCHAR(20) NOT NULL,
    teamName VARCHAR(30) NOT NULL,
    PRIMARY KEY (coach_id),
    FOREIGN KEY (teamName) REFERENCES team (teamName)
);

insert into coach values (1, 'Josselyn', 'Moubray', 'Arizona Cardinals');
insert into coach values (2, 'Juliane', 'Fere', 'Atlanta Falcons');
insert into coach values (3, 'Justen', 'Robardley', 'Baltimore Ravens');
insert into coach values (4, 'Hugo', 'Grundell', 'Buffalo Bills');
insert into coach values (5, 'Edwin', 'Scotcher', 'Carolina Panthers');
insert into coach values (6, 'Aleece', 'Honeywood', 'Chicago Bears');
insert into coach values (7, 'Kacie', 'Cash', 'Dallas Cowboys');
insert into coach values (8, 'Taryn', 'Yanshin', 'Detroit Lions');
insert into coach values (9, 'Elene', 'Theaker', 'Green Bay Packers');
insert into coach values (10, 'Glenda', 'Audsley', 'Los Angeles Rams');
insert into coach values (11, 'Xylia', 'Goosey', 'Minnesota Vikings');
insert into coach values (12, 'Erik', 'Borrett', 'New Orleans Saints');
insert into coach values (13, 'Ezri', 'Follett', 'New York Giants');
insert into coach values (14, 'Candis', 'Lindl', 'Philadelphia Eagles');
insert into coach values (15, 'Janenna', 'Morison', 'San Francisco 49ers');
insert into coach values (16, 'Jacquette', 'Brideoke', 'Seattle Seahawks');
insert into coach values (17, 'Cecilla', 'Bemrose', 'Tampa Bay Buccaneers');
insert into coach values (18, 'Nora', 'Leere', 'Washington Commanders');
insert into coach values (19, 'Del', 'Pickvance', 'Cincinnati Bengals');
insert into coach values (20, 'Claiborn', 'MacIllrick', 'Cleveland Browns');
insert into coach values (21, 'Shara', 'Togwell', 'Denver Broncos');
insert into coach values (22, 'Gothart', 'Goricke', 'Houston Texans');
insert into coach values (23, 'Vallie', 'Clelle', 'Indianapolis Colts');
insert into coach values (24, 'Jesselyn', 'Costain', 'Jacksonville Jaguars');
insert into coach values (25, 'Luciano', 'Nunnery', 'Kansas City Chiefs');
insert into coach values (26, 'Dennis', 'Mills', 'Las Vegas Raiders');
insert into coach values (27, 'Ciel', 'Heis', 'Los Angeles Chargers');
insert into coach values (28, 'Cordelia', 'Kingsford', 'Miami Dolphins');
insert into coach values (29, 'Wadsworth', 'Aglione', 'New England Patriots');
insert into coach values (30, 'Herby', 'Campion', 'New York Jets');
insert into coach values (31, 'Susann', 'Martugin', 'Pittsburgh Steelers');
insert into coach values (32, 'Claudian', 'Jurs', 'Tennessee Titans');

CREATE TABLE athlete (
    athlete_id INT NOT NULL AUTO_INCREMENT,
    firstName VARCHAR(20) NOT NULL,
    lastName VARCHAR(20) NOT NULL,
    height DOUBLE NOT NULL,
    weight DOUBLE NOT NULL,
    age DOUBLE NOT NULL,
    teamName VARCHAR(30) NOT NULL,
    PRIMARY KEY (athlete_id),
    FOREIGN KEY (teamName) REFERENCES team (teamName)
);

insert into athlete values (1, 'Jeremy', 'Mawtus', 78.51, 263.8, 29, 'Arizona Cardinals');
insert into athlete values (2, 'Dory', 'Patria', 72.97, 270.1, 30, 'Atlanta Falcons');
insert into athlete values (3, 'Hymie', 'Youel', 64.69, 200.6, 26, 'Baltimore Ravens');
insert into athlete values (4, 'Decca', 'Clausius', 79.78, 253.7, 23, 'Buffalo Bills');
insert into athlete values (5, 'Emmet', 'Ellingham', 68.12, 204.0, 20, 'Carolina Panthers');
insert into athlete values (6, 'Brodie', 'Sommerlin', 80.92, 234.7, 30, 'Chicago Bears');
insert into athlete values (7, 'Max', 'Danieli', 66.42, 264.8, 22, 'Dallas Cowboys');
insert into athlete values (8, 'Dietrich', 'Killeen', 66.53, 236.3, 29, 'Detroit Lions');
insert into athlete values (9, 'Fields', 'Rouge', 62.97, 212.0, 28, 'Green Bay Packers');
insert into athlete values (10, 'Andonis', 'Burchett', 62.01, 240.6, 19, 'Los Angeles Rams');
insert into athlete values (11, 'Hale', 'Antonomoli', 78.0, 203.2, 20, 'Minnesota Vikings');
insert into athlete values (12, 'Alejandro', 'Boutellier', 67.32, 262.5, 25, 'New Orleans Saints');
insert into athlete values (13, 'Gare', 'Purkess', 71.14, 215.7, 30, 'New York Giants');
insert into athlete values (14, 'Milty', 'Simmins', 73.12, 232.1, 26, 'Philadelphia Eagles');
insert into athlete values (15, 'Lindy', 'Geeve', 80.74, 191.1, 23, 'San Francisco 49ers');
insert into athlete values (16, 'Woody', 'Memmory', 76.38, 226.4, 23, 'Seattle Seahawks');
insert into athlete values (17, 'Glynn', 'Denzey', 61.17, 216.0, 28, 'Tampa Bay Buccaneers');
insert into athlete values (18, 'Freddie', 'Coviello', 66.01, 213.2, 19, 'Washington Commanders');
insert into athlete values (19, 'Reider', 'Winslett', 70.49, 197.6, 20, 'Cincinnati Bengals');
insert into athlete values (20, 'Eb', 'Holsall', 72.0, 220.1, 20, 'Cleveland Browns');
insert into athlete values (21, 'Eugenius', 'Oiller', 77.5, 228.6, 21, 'Denver Broncos');
insert into athlete values (22, 'Radcliffe', 'Deas', 68.48, 231.0, 20, 'Houston Texans');
insert into athlete values (23, 'Ron', 'Goutcher', 60.86, 267.7, 27, 'Indianapolis Colts');
insert into athlete values (24, 'Stafford', 'Whitechurch', 78.27, 248.2, 29, 'Jacksonville Jaguars');
insert into athlete values (25, 'Lazare', 'MacNeish', 60.88, 256.6, 20, 'Kansas City Chiefs');
insert into athlete values (26, 'Ellsworth', 'Babalola', 60.94, 273.9, 24, 'Las Vegas Raiders');
insert into athlete values (27, 'Port', 'Priestley', 76.37, 232.8, 29, 'Los Angeles Chargers');
insert into athlete values (28, 'Arny', 'Yellop', 60.6, 238.3, 23, 'Miami Dolphins');
insert into athlete values (29, 'Thane', 'Skeats', 63.93, 280.0, 23, 'New England Patriots');
insert into athlete values (30, 'Phillipe', 'Leyborne', 81.91, 273.6, 24, 'New York Jets');
insert into athlete values (31, 'Ramon', 'Scollard', 77.8, 203.1, 19, 'Pittsburgh Steelers');
insert into athlete values (32, 'Erasmus', 'MacQueen', 78.24, 268.8, 20, 'Tennessee Titans');
insert into athlete values (33, 'Dalton', 'McEachern', 60.78, 231.8, 19, 'Arizona Cardinals');
insert into athlete values (34, 'Kahlil', 'Steel', 71.87, 270.8, 30, 'Atlanta Falcons');
insert into athlete values (35, 'Son', 'Manclark', 75.26, 204.3, 29, 'Baltimore Ravens');
insert into athlete values (36, 'Price', 'Thirkettle', 78.36, 202.3, 26, 'Buffalo Bills');
insert into athlete values (37, 'Desmond', 'Guido', 67.41, 262.9, 19, 'Carolina Panthers');
insert into athlete values (38, 'Bruce', 'Starkings', 75.96, 193.0, 23, 'Chicago Bears');
insert into athlete values (39, 'Gerhard', 'Armfirld', 61.98, 268.9, 22, 'Dallas Cowboys');
insert into athlete values (40, 'Sigvard', 'Rosin', 75.99, 201.2, 24, 'Detroit Lions');
insert into athlete values (41, 'Whit', 'Ryhorovich', 69.19, 209.3, 25, 'Green Bay Packers');
insert into athlete values (42, 'Skylar', 'Tregunna', 64.15, 213.7, 30, 'Los Angeles Rams');
insert into athlete values (43, 'Andris', 'Fahy', 67.34, 252.2, 19, 'Minnesota Vikings');
insert into athlete values (44, 'Renaldo', 'Igglesden', 65.76, 236.0, 28, 'New Orleans Saints');
insert into athlete values (45, 'Dylan', 'Nugent', 72.62, 255.5, 27, 'New York Giants');
insert into athlete values (46, 'Rudolfo', 'Veldens', 64.04, 239.9, 27, 'Philadelphia Eagles');
insert into athlete values (47, 'Matthieu', 'Keal', 72.07, 272.7, 28, 'San Francisco 49ers');
insert into athlete values (48, 'Barron', 'Waberer', 72.93, 220.1, 22, 'Seattle Seahawks');
insert into athlete values (49, 'Northrup', 'Laurenty', 79.16, 279.3, 21, 'Tampa Bay Buccaneers');
insert into athlete values (50, 'Kristofor', 'Timeby', 69.38, 269.9, 30, 'Washington Commanders');
insert into athlete values (51, 'Gavan', 'Gianolo', 74.31, 273.3, 29, 'Cincinnati Bengals');
insert into athlete values (52, 'Julius', 'Padell', 61.16, 277.3, 23, 'Cleveland Browns');
insert into athlete values (53, 'Renard', 'Daunter', 72.54, 211.5, 25, 'Denver Broncos');
insert into athlete values (54, 'Wyatan', 'Sammonds', 69.43, 251.1, 20, 'Houston Texans');
insert into athlete values (55, 'Thaddeus', 'Wilprecht', 72.48, 198.4, 29, 'Indianapolis Colts');
insert into athlete values (56, 'Zachery', 'Bloodworthe', 62.7, 246.6, 25, 'Jacksonville Jaguars');
insert into athlete values (57, 'Nickolai', 'Buttel', 73.73, 258.3, 25, 'Kansas City Chiefs');
insert into athlete values (58, 'Hakim', 'Lacoste', 67.86, 190.4, 28, 'Las Vegas Raiders');
insert into athlete values (59, 'Otis', 'Danbury', 74.26, 208.3, 29, 'Los Angeles Chargers');
insert into athlete values (60, 'Nils', 'Elrick', 64.11, 263.2, 24, 'Miami Dolphins');
insert into athlete values (61, 'Cass', 'Suthworth', 64.75, 213.2, 27, 'New England Patriots');
insert into athlete values (62, 'Shepherd', 'Medmore', 80.98, 256.4, 20, 'New York Jets');
insert into athlete values (63, 'Kean', 'Petrie', 72.71, 253.7, 26, 'Pittsburgh Steelers');
insert into athlete values (64, 'Jock', 'MacFarland', 78.47, 190.5, 27, 'Tennessee Titans');
insert into athlete values (65, 'Ewell', 'Tattershaw', 68.52, 260.7, 20, 'Arizona Cardinals');
insert into athlete values (66, 'Ailbert', 'Vidyapin', 80.07, 190.0, 25, 'Atlanta Falcons');
insert into athlete values (67, 'Hugues', 'Eastope', 67.06, 238.1, 28, 'Baltimore Ravens');
insert into athlete values (68, 'Georas', 'Ohlsen', 76.65, 205.7, 24, 'Buffalo Bills');
insert into athlete values (69, 'Alvis', 'Murch', 71.11, 263.5, 26, 'Carolina Panthers');
insert into athlete values (70, 'Sayre', 'Taverner', 72.22, 218.4, 23, 'Chicago Bears');
insert into athlete values (71, 'Benedicto', 'Shuttlewood', 62.88, 218.7, 26, 'Dallas Cowboys');
insert into athlete values (72, 'Bud', 'Binning', 62.14, 208.0, 19, 'Detroit Lions');
insert into athlete values (73, 'Dannel', 'Yuryev', 63.94, 256.2, 23, 'Green Bay Packers');
insert into athlete values (74, 'Mace', 'Burnyeat', 68.73, 269.1, 20, 'Los Angeles Rams');
insert into athlete values (75, 'Nikita', 'Theis', 76.15, 270.5, 22, 'Minnesota Vikings');
insert into athlete values (76, 'Adolph', 'Bunworth', 80.21, 202.4, 25, 'New Orleans Saints');
insert into athlete values (77, 'Dominick', 'Bratton', 63.22, 230.3, 25, 'New York Giants');
insert into athlete values (78, 'Adlai', 'Ardern', 74.86, 195.9, 21, 'Philadelphia Eagles');
insert into athlete values (79, 'Elmore', 'Le feaver', 66.64, 245.1, 25, 'San Francisco 49ers');
insert into athlete values (80, 'Hillel', 'Lefeaver', 75.62, 265.9, 27, 'Seattle Seahawks');
insert into athlete values (81, 'Trenton', 'Kiddey', 72.71, 269.8, 22, 'Tampa Bay Buccaneers');
insert into athlete values (82, 'Wainwright', 'Hennemann', 79.63, 275.6, 20, 'Washington Commanders');
insert into athlete values (83, 'Gerard', 'Tomaini', 70.49, 259.5, 21, 'Cincinnati Bengals');
insert into athlete values (84, 'Sidney', 'Brashier', 74.04, 238.6, 20, 'Cleveland Browns');
insert into athlete values (85, 'Lawton', 'Mungan', 66.78, 215.1, 20, 'Denver Broncos');
insert into athlete values (86, 'Edmon', 'Triswell', 60.71, 193.5, 28, 'Houston Texans');
insert into athlete values (87, 'Skipton', 'Desbrow', 61.65, 254.4, 28, 'Indianapolis Colts');
insert into athlete values (88, 'Michal', 'Effaunt', 71.32, 213.1, 20, 'Jacksonville Jaguars');
insert into athlete values (89, 'Vidovic', 'Greener', 80.35, 223.8, 27, 'Kansas City Chiefs');
insert into athlete values (90, 'Washington', 'Winny', 77.57, 219.3, 24, 'Las Vegas Raiders');
insert into athlete values (91, 'Aguie', 'Deex', 78.92, 250.1, 22, 'Los Angeles Chargers');
insert into athlete values (92, 'Erv', 'Giraths', 74.29, 198.2, 20, 'Miami Dolphins');
insert into athlete values (93, 'Averell', 'Benyon', 74.47, 191.7, 28, 'New England Patriots');
insert into athlete values (94, 'Patty', 'Deavin', 80.29, 248.6, 25, 'New York Jets');
insert into athlete values (95, 'El', 'Toffel', 77.2, 238.7, 29, 'Pittsburgh Steelers');
insert into athlete values (96, 'Tadio', 'Rush', 78.62, 208.8, 20, 'Tennessee Titans');
insert into athlete values (97, 'Ailbert', 'Edworthie', 64.64, 203.9, 29, 'Arizona Cardinals');
insert into athlete values (98, 'Kirby', 'Norcock', 76.1, 257.0, 21, 'Atlanta Falcons');
insert into athlete values (99, 'Phillipp', 'Touzey', 79.37, 197.8, 20, 'Baltimore Ravens');
insert into athlete values (100, 'Garvey', 'Brisset', 81.26, 255.7, 22, 'Buffalo Bills');
insert into athlete values (101, 'Maddie', 'Ney', 67.96, 265.7, 26, 'Carolina Panthers');
insert into athlete values (102, 'Patric', 'Finden', 72.06, 210.3, 19, 'Chicago Bears');
insert into athlete values (103, 'Richard', 'Akhurst', 68.75, 272.4, 27, 'Dallas Cowboys');
insert into athlete values (104, 'Dore', 'Brereton', 73.06, 233.4, 29, 'Detroit Lions');
insert into athlete values (105, 'Olivero', 'Thiese', 68.07, 215.3, 19, 'Green Bay Packers');
insert into athlete values (106, 'Denny', 'Iggo', 79.92, 278.4, 19, 'Los Angeles Rams');
insert into athlete values (107, 'Abbott', 'Cundey', 72.04, 233.2, 29, 'Minnesota Vikings');
insert into athlete values (108, 'Peder', 'French', 61.4, 260.1, 23, 'New Orleans Saints');
insert into athlete values (109, 'Everett', 'Collick', 69.44, 275.3, 30, 'New York Giants');
insert into athlete values (110, 'Justinian', 'Vinter', 63.29, 196.2, 26, 'Philadelphia Eagles');
insert into athlete values (111, 'Rawley', 'Mintram', 72.82, 270.8, 23, 'San Francisco 49ers');
insert into athlete values (112, 'Vassily', 'MacAndrew', 71.69, 271.9, 24, 'Seattle Seahawks');
insert into athlete values (113, 'Nester', 'Keen', 68.87, 206.9, 24, 'Tampa Bay Buccaneers');
insert into athlete values (114, 'Logan', 'Ebenezer', 73.92, 272.4, 25, 'Washington Commanders');
insert into athlete values (115, 'Frederigo', 'Laybourn', 75.98, 205.2, 26, 'Cincinnati Bengals');
insert into athlete values (116, 'Nickolai', 'Hoyte', 60.04, 274.1, 27, 'Cleveland Browns');
insert into athlete values (117, 'Lloyd', 'Hansod', 68.1, 250.1, 27, 'Denver Broncos');
insert into athlete values (118, 'Cully', 'Meace', 65.07, 245.2, 20, 'Houston Texans');
insert into athlete values (119, 'Claudio', 'Sprowell', 79.85, 241.5, 30, 'Indianapolis Colts');
insert into athlete values (120, 'Padget', 'Macia', 79.46, 194.9, 26, 'Jacksonville Jaguars');
insert into athlete values (121, 'Clevie', 'Kenelin', 77.26, 238.3, 28, 'Kansas City Chiefs');
insert into athlete values (122, 'Rowan', 'Jesper', 64.42, 217.6, 20, 'Las Vegas Raiders');
insert into athlete values (123, 'Wilfrid', 'Konke', 70.29, 261.5, 22, 'Los Angeles Chargers');
insert into athlete values (124, 'Forrest', 'Whitwham', 75.29, 237.5, 21, 'Miami Dolphins');
insert into athlete values (125, 'Delbert', 'Pauley', 72.35, 220.1, 21, 'New England Patriots');
insert into athlete values (126, 'Maynord', 'Alabone', 70.52, 197.0, 21, 'New York Jets');
insert into athlete values (127, 'Jeffrey', 'McPeck', 62.51, 192.4, 29, 'Pittsburgh Steelers');
insert into athlete values (128, 'Vaughan', 'Thomen', 78.07, 223.9, 30, 'Tennessee Titans');
insert into athlete values (129, 'Dorie', 'Valerio', 77.31, 198.8, 30, 'Arizona Cardinals');
insert into athlete values (130, 'Tallie', 'Gerardeaux', 81.31, 197.9, 30, 'Atlanta Falcons');
insert into athlete values (131, 'Sigismond', 'Igounet', 76.08, 232.4, 30, 'Baltimore Ravens');
insert into athlete values (132, 'Francis', 'De Ruel', 73.78, 215.3, 24, 'Buffalo Bills');
insert into athlete values (133, 'Case', 'Ashley', 68.33, 262.7, 23, 'Carolina Panthers');
insert into athlete values (134, 'Kenny', 'Aireton', 80.22, 212.7, 30, 'Chicago Bears');
insert into athlete values (135, 'Worthington', 'Frame', 68.23, 243.8, 29, 'Dallas Cowboys');
insert into athlete values (136, 'Lothario', 'Blatcher', 75.28, 201.6, 21, 'Detroit Lions');
insert into athlete values (137, 'Paton', 'Rosenboim', 68.14, 198.7, 23, 'Green Bay Packers');
insert into athlete values (138, 'Mackenzie', 'Wandrich', 71.31, 197.9, 29, 'Los Angeles Rams');
insert into athlete values (139, 'Evin', 'Lamort', 77.43, 211.5, 27, 'Minnesota Vikings');
insert into athlete values (140, 'Josias', 'Dearth', 79.9, 215.2, 30, 'New Orleans Saints');
insert into athlete values (141, 'Vince', 'Roney', 61.04, 256.8, 21, 'New York Giants');
insert into athlete values (142, 'Tiebold', 'Amorine', 77.3, 208.4, 23, 'Philadelphia Eagles');
insert into athlete values (143, 'Asher', 'Flew', 78.94, 228.8, 21, 'San Francisco 49ers');
insert into athlete values (144, 'Byrle', 'McMichael', 62.51, 240.5, 23, 'Seattle Seahawks');
insert into athlete values (145, 'Earlie', 'Roffey', 65.13, 238.4, 20, 'Tampa Bay Buccaneers');
insert into athlete values (146, 'Francklin', 'Escott', 79.56, 272.9, 26, 'Washington Commanders');
insert into athlete values (147, 'Paten', 'Solloway', 62.81, 198.5, 19, 'Cincinnati Bengals');
insert into athlete values (148, 'Miles', 'Gooders', 64.5, 199.4, 28, 'Cleveland Browns');
insert into athlete values (149, 'Adair', 'Muskett', 60.93, 201.5, 27, 'Denver Broncos');
insert into athlete values (150, 'Harley', 'MacGeaney', 64.28, 225.6, 26, 'Houston Texans');
insert into athlete values (151, 'Ransell', 'Rafter', 77.54, 238.4, 26, 'Indianapolis Colts');
insert into athlete values (152, 'Abbott', 'Caulliere', 72.71, 229.3, 19, 'Jacksonville Jaguars');
insert into athlete values (153, 'Edgar', 'Dotterill', 65.29, 232.3, 23, 'Kansas City Chiefs');
insert into athlete values (154, 'Ignacio', 'Klemmt', 81.14, 201.8, 22, 'Las Vegas Raiders');
insert into athlete values (155, 'Morrie', 'Metson', 71.47, 201.8, 30, 'Los Angeles Chargers');
insert into athlete values (156, 'Billy', 'Seel', 69.73, 265.8, 22, 'Miami Dolphins');
insert into athlete values (157, 'Dallas', 'Anfusso', 75.77, 213.6, 27, 'New England Patriots');
insert into athlete values (158, 'Kippie', 'Fredy', 74.02, 206.7, 24, 'New York Jets');
insert into athlete values (159, 'Jule', 'Londer', 60.6, 257.0, 26, 'Pittsburgh Steelers');
insert into athlete values (160, 'Kenon', 'Edy', 78.25, 196.2, 29, 'Tennessee Titans');
insert into athlete values (161, 'Olivero', 'Segges', 81.24, 237.7, 25, 'Arizona Cardinals');
insert into athlete values (162, 'Cullie', 'Eastmond', 62.41, 254.9, 22, 'Atlanta Falcons');
insert into athlete values (163, 'Lefty', 'Huffa', 76.42, 212.6, 21, 'Baltimore Ravens');
insert into athlete values (164, 'Hardy', 'Faye', 69.87, 212.5, 20, 'Buffalo Bills');
insert into athlete values (165, 'Abeu', 'Elsy', 67.6, 273.4, 21, 'Carolina Panthers');
insert into athlete values (166, 'Cristian', 'Hanwell', 67.35, 238.5, 29, 'Chicago Bears');
insert into athlete values (167, 'Reinald', 'Kingston', 69.19, 220.1, 27, 'Dallas Cowboys');
insert into athlete values (168, 'Eb', 'Idale', 76.7, 244.7, 22, 'Detroit Lions');
insert into athlete values (169, 'Jamison', 'Weiss', 65.01, 238.4, 23, 'Green Bay Packers');
insert into athlete values (170, 'Ransom', 'Sheen', 69.26, 263.5, 24, 'Los Angeles Rams');
insert into athlete values (171, 'Sheppard', 'Gorthy', 72.44, 273.5, 27, 'Minnesota Vikings');
insert into athlete values (172, 'Kiley', 'Tasseler', 69.35, 232.0, 22, 'New Orleans Saints');
insert into athlete values (173, 'Maynord', 'Singh', 81.64, 232.1, 30, 'New York Giants');
insert into athlete values (174, 'Mortie', 'Rabley', 60.83, 202.9, 21, 'Philadelphia Eagles');
insert into athlete values (175, 'Otho', 'Vankov', 79.24, 219.8, 20, 'San Francisco 49ers');
insert into athlete values (176, 'Finn', 'Abate', 70.19, 237.8, 22, 'Seattle Seahawks');
insert into athlete values (177, 'Nollie', 'Duckworth', 61.85, 254.7, 26, 'Tampa Bay Buccaneers');
insert into athlete values (178, 'Morley', 'Bullus', 67.93, 196.6, 26, 'Washington Commanders');
insert into athlete values (179, 'Hebert', 'Tretwell', 70.97, 223.7, 30, 'Cincinnati Bengals');
insert into athlete values (180, 'Percy', 'Oxbie', 62.58, 230.5, 30, 'Cleveland Browns');
insert into athlete values (181, 'Ettore', 'Wagner', 65.55, 261.0, 30, 'Denver Broncos');
insert into athlete values (182, 'Wit', 'Jori', 67.79, 238.1, 28, 'Houston Texans');
insert into athlete values (183, 'Buddy', 'Jakovijevic', 77.4, 266.5, 29, 'Indianapolis Colts');
insert into athlete values (184, 'Harv', 'Junkison', 71.32, 210.4, 23, 'Jacksonville Jaguars');
insert into athlete values (185, 'Prentice', 'Hayworth', 78.69, 240.3, 27, 'Kansas City Chiefs');
insert into athlete values (186, 'Neall', 'Cleaves', 62.03, 269.9, 28, 'Las Vegas Raiders');
insert into athlete values (187, 'Jocko', 'Strafford', 72.17, 198.2, 30, 'Los Angeles Chargers');
insert into athlete values (188, 'Bearnard', 'Kibby', 69.29, 241.8, 30, 'Miami Dolphins');
insert into athlete values (189, 'Prinz', 'Hardaker', 64.83, 228.6, 25, 'New England Patriots');
insert into athlete values (190, 'Ivan', 'Butfield', 72.69, 193.9, 30, 'New York Jets');
insert into athlete values (191, 'Irv', 'Chapling', 68.54, 260.6, 27, 'Pittsburgh Steelers');
insert into athlete values (192, 'Briant', 'Pitherick', 77.92, 241.0, 26, 'Tennessee Titans');
insert into athlete values (193, 'Jareb', 'Stoggell', 76.92, 208.4, 26, 'Arizona Cardinals');
insert into athlete values (194, 'Felic', 'Vain', 64.65, 231.8, 25, 'Atlanta Falcons');
insert into athlete values (195, 'Zacharia', 'Feetham', 81.5, 195.6, 26, 'Baltimore Ravens');
insert into athlete values (196, 'Laird', 'Matzaitis', 60.82, 213.4, 25, 'Buffalo Bills');
insert into athlete values (197, 'Giordano', 'Martensen', 67.64, 266.3, 19, 'Carolina Panthers');
insert into athlete values (198, 'Gib', 'Davidovici', 67.85, 218.5, 30, 'Chicago Bears');
insert into athlete values (199, 'Fons', 'Bickmore', 80.11, 269.4, 24, 'Dallas Cowboys');
insert into athlete values (200, 'Pacorro', 'Challens', 67.17, 223.0, 30, 'Detroit Lions');
insert into athlete values (201, 'Marve', 'Ahren', 77.82, 230.4, 25, 'Green Bay Packers');
insert into athlete values (202, 'Warde', 'Filippyev', 76.44, 206.5, 28, 'Los Angeles Rams');
insert into athlete values (203, 'Benny', 'Beggi', 70.86, 252.1, 19, 'Minnesota Vikings');
insert into athlete values (204, 'Benton', 'Grubbe', 78.06, 260.9, 20, 'New Orleans Saints');
insert into athlete values (205, 'Zelig', 'Simcox', 64.52, 230.2, 21, 'New York Giants');
insert into athlete values (206, 'Hashim', 'Frankum', 61.69, 216.8, 23, 'Philadelphia Eagles');
insert into athlete values (207, 'Wallache', 'Inskipp', 80.47, 206.8, 25, 'San Francisco 49ers');
insert into athlete values (208, 'Garrot', 'Paszek', 72.83, 251.3, 30, 'Seattle Seahawks');
insert into athlete values (209, 'Hamish', 'Cammock', 64.94, 253.5, 22, 'Tampa Bay Buccaneers');
insert into athlete values (210, 'Dilan', 'Merkel', 65.17, 215.8, 20, 'Washington Commanders');
insert into athlete values (211, 'Ahmad', 'Atthow', 68.52, 226.2, 20, 'Cincinnati Bengals');
insert into athlete values (212, 'Krishnah', 'Matevosian', 79.18, 255.3, 24, 'Cleveland Browns');
insert into athlete values (213, 'Base', 'Tocqueville', 64.63, 264.9, 28, 'Denver Broncos');
insert into athlete values (214, 'Brook', 'Maciejewski', 77.98, 276.8, 28, 'Houston Texans');
insert into athlete values (215, 'Had', 'Surmeir', 81.01, 224.2, 22, 'Indianapolis Colts');
insert into athlete values (216, 'Quillan', 'Brittoner', 72.88, 196.5, 27, 'Jacksonville Jaguars');
insert into athlete values (217, 'Gerik', 'Bastian', 65.35, 251.3, 27, 'Kansas City Chiefs');
insert into athlete values (218, 'Nero', 'Toor', 74.26, 262.2, 24, 'Las Vegas Raiders');
insert into athlete values (219, 'Hew', 'Cathro', 70.81, 248.1, 30, 'Los Angeles Chargers');
insert into athlete values (220, 'Fabien', 'Culverhouse', 75.59, 257.8, 28, 'Miami Dolphins');
insert into athlete values (221, 'Creighton', 'Oakes', 60.35, 245.8, 23, 'New England Patriots');
insert into athlete values (222, 'Basile', 'MacHarg', 67.84, 263.7, 27, 'New York Jets');
insert into athlete values (223, 'Lewiss', 'Sheavills', 69.59, 215.6, 23, 'Pittsburgh Steelers');
insert into athlete values (224, 'Dudley', 'Peegrem', 68.49, 263.4, 27, 'Tennessee Titans');
insert into athlete values (225, 'Ganny', 'Briars', 62.74, 215.1, 26, 'Arizona Cardinals');
insert into athlete values (226, 'Arlan', 'Baldick', 62.27, 199.2, 23, 'Atlanta Falcons');
insert into athlete values (227, 'Amory', 'Brech', 79.88, 214.9, 22, 'Baltimore Ravens');
insert into athlete values (228, 'Wally', 'McCrorie', 77.61, 209.6, 30, 'Buffalo Bills');
insert into athlete values (229, 'De witt', 'Bolt', 78.05, 227.8, 30, 'Carolina Panthers');
insert into athlete values (230, 'Kelwin', 'Sturmey', 80.2, 218.8, 21, 'Chicago Bears');
insert into athlete values (231, 'Yehudit', 'McLelland', 78.85, 198.6, 24, 'Dallas Cowboys');
insert into athlete values (232, 'Wilton', 'Fosken', 71.52, 242.4, 25, 'Detroit Lions');
insert into athlete values (233, 'Brett', 'Halsho', 63.0, 265.4, 24, 'Green Bay Packers');
insert into athlete values (234, 'Quentin', 'MacTeague', 60.54, 250.7, 28, 'Los Angeles Rams');
insert into athlete values (235, 'Redd', 'Wannop', 64.69, 265.0, 23, 'Minnesota Vikings');
insert into athlete values (236, 'Courtnay', 'Rospars', 79.23, 272.0, 19, 'New Orleans Saints');
insert into athlete values (237, 'Arvin', 'Vautin', 71.22, 267.4, 28, 'New York Giants');
insert into athlete values (238, 'Evelin', 'Blonfield', 63.42, 218.3, 27, 'Philadelphia Eagles');
insert into athlete values (239, 'Osbourne', 'Hourstan', 68.38, 232.9, 30, 'San Francisco 49ers');
insert into athlete values (240, 'Brennen', 'Quinnette', 79.38, 258.2, 26, 'Seattle Seahawks');
insert into athlete values (241, 'Jone', 'Commins', 75.94, 203.1, 24, 'Tampa Bay Buccaneers');
insert into athlete values (242, 'Billy', 'Ebbens', 75.71, 220.3, 25, 'Washington Commanders');
insert into athlete values (243, 'Saunder', 'Hinners', 79.79, 230.9, 20, 'Cincinnati Bengals');
insert into athlete values (244, 'Davidde', 'Dyball', 78.23, 195.3, 19, 'Cleveland Browns');
insert into athlete values (245, 'Harmon', 'Tongue', 67.44, 263.1, 24, 'Denver Broncos');
insert into athlete values (246, 'Dukie', 'Spanton', 60.34, 213.0, 26, 'Houston Texans');
insert into athlete values (247, 'Blaine', 'Leavold', 71.7, 207.2, 27, 'Indianapolis Colts');
insert into athlete values (248, 'Rudolfo', 'Scarman', 71.6, 273.8, 24, 'Jacksonville Jaguars');
insert into athlete values (249, 'Wesley', 'Charles', 66.77, 228.4, 26, 'Kansas City Chiefs');
insert into athlete values (250, 'Mayor', 'Armitt', 61.68, 207.0, 21, 'Las Vegas Raiders');
insert into athlete values (251, 'Nathanael', 'Boswood', 63.11, 263.2, 22, 'Los Angeles Chargers');
insert into athlete values (252, 'Meier', 'Krikorian', 65.16, 221.4, 24, 'Miami Dolphins');
insert into athlete values (253, 'Adair', 'Blare', 61.9, 245.0, 30, 'New England Patriots');
insert into athlete values (254, 'Ashley', 'Yesenin', 74.49, 205.6, 19, 'New York Jets');
insert into athlete values (255, 'Weber', 'Bennet', 76.7, 264.9, 24, 'Pittsburgh Steelers');
insert into athlete values (256, 'Berti', 'Reek', 75.39, 226.6, 24, 'Tennessee Titans');
insert into athlete values (257, 'Hamil', 'Legge', 64.79, 198.2, 22, 'Arizona Cardinals');
insert into athlete values (258, 'Ulick', 'Mayman', 65.4, 241.7, 22, 'Atlanta Falcons');
insert into athlete values (259, 'Chip', 'Hiorn', 61.8, 195.2, 24, 'Baltimore Ravens');
insert into athlete values (260, 'Rickard', 'MacKean', 66.88, 207.3, 22, 'Buffalo Bills');
insert into athlete values (261, 'Morton', 'Stove', 69.46, 255.3, 27, 'Carolina Panthers');
insert into athlete values (262, 'Emanuele', 'Mintrim', 80.64, 278.7, 27, 'Chicago Bears');
insert into athlete values (263, 'Baxy', 'Iacobassi', 73.58, 224.2, 27, 'Dallas Cowboys');
insert into athlete values (264, 'Rolando', 'Portinari', 65.27, 190.9, 25, 'Detroit Lions');
insert into athlete values (265, 'Esdras', 'Fitter', 65.18, 213.0, 25, 'Green Bay Packers');
insert into athlete values (266, 'Evyn', 'Allawy', 78.6, 217.0, 22, 'Los Angeles Rams');
insert into athlete values (267, 'Hartley', 'Downgate', 68.77, 274.2, 21, 'Minnesota Vikings');
insert into athlete values (268, 'Keith', 'Van Velde', 70.61, 254.4, 27, 'New Orleans Saints');
insert into athlete values (269, 'Alford', 'Graddell', 66.49, 221.3, 25, 'New York Giants');
insert into athlete values (270, 'Ruddy', 'Alger', 69.15, 207.1, 28, 'Philadelphia Eagles');
insert into athlete values (271, 'Gearalt', 'Faire', 81.57, 207.7, 30, 'San Francisco 49ers');
insert into athlete values (272, 'Cecil', 'Hamnet', 71.04, 248.8, 24, 'Seattle Seahawks');
insert into athlete values (273, 'Kenton', 'Allatt', 77.74, 229.5, 30, 'Tampa Bay Buccaneers');
insert into athlete values (274, 'Horst', 'Cosbey', 75.05, 223.7, 30, 'Washington Commanders');
insert into athlete values (275, 'Cammy', 'Beadham', 77.6, 279.5, 30, 'Cincinnati Bengals');
insert into athlete values (276, 'Westbrooke', 'Rapley', 74.47, 194.4, 28, 'Cleveland Browns');
insert into athlete values (277, 'Huberto', 'Padgett', 75.1, 267.8, 30, 'Denver Broncos');
insert into athlete values (278, 'Dionysus', 'Gouny', 70.41, 198.9, 30, 'Houston Texans');
insert into athlete values (279, 'Odo', 'Richings', 74.18, 269.6, 22, 'Indianapolis Colts');
insert into athlete values (280, 'Bondy', 'Hiddsley', 71.06, 196.2, 27, 'Jacksonville Jaguars');
insert into athlete values (281, 'Aloysius', 'Kopacek', 71.8, 230.4, 28, 'Kansas City Chiefs');
insert into athlete values (282, 'Brade', 'Racine', 70.91, 225.7, 27, 'Las Vegas Raiders');
insert into athlete values (283, 'Cort', 'Bradbeer', 70.33, 194.8, 19, 'Los Angeles Chargers');
insert into athlete values (284, 'Morley', 'Springtorp', 78.99, 236.8, 25, 'Miami Dolphins');
insert into athlete values (285, 'Nick', 'Kilcoyne', 75.72, 224.4, 28, 'New England Patriots');
insert into athlete values (286, 'Farrell', 'Morecombe', 64.18, 262.7, 25, 'New York Jets');
insert into athlete values (287, 'Lion', 'Meatyard', 68.63, 274.1, 21, 'Pittsburgh Steelers');
insert into athlete values (288, 'Thornie', 'Ewells', 79.26, 217.2, 27, 'Tennessee Titans');
insert into athlete values (289, 'Virgie', 'Secretan', 75.77, 245.4, 24, 'Arizona Cardinals');
insert into athlete values (290, 'Urbanus', 'Roscher', 70.86, 246.0, 28, 'Atlanta Falcons');
insert into athlete values (291, 'Alphard', 'Domingues', 66.6, 240.3, 25, 'Baltimore Ravens');
insert into athlete values (292, 'Borg', 'Netti', 80.01, 212.0, 23, 'Buffalo Bills');
insert into athlete values (293, 'Zebulon', 'Burles', 77.71, 242.4, 23, 'Carolina Panthers');
insert into athlete values (294, 'Skipper', 'Organer', 75.6, 278.5, 19, 'Chicago Bears');
insert into athlete values (295, 'Beniamino', 'Hartness', 72.11, 203.2, 22, 'Dallas Cowboys');
insert into athlete values (296, 'Brandyn', 'Caw', 66.98, 251.3, 21, 'Detroit Lions');
insert into athlete values (297, 'Giffer', 'Swyer', 76.11, 259.6, 28, 'Green Bay Packers');
insert into athlete values (298, 'Mischa', 'Itzkovsky', 80.19, 210.9, 21, 'Los Angeles Rams');
insert into athlete values (299, 'Fidelio', 'Sowood', 60.19, 228.7, 29, 'Minnesota Vikings');
insert into athlete values (300, 'Garald', 'Corr', 68.08, 213.4, 28, 'New Orleans Saints');
insert into athlete values (301, 'Virge', 'Pierri', 73.16, 205.0, 28, 'New York Giants');
insert into athlete values (302, 'Cortie', 'Porker', 61.62, 232.0, 27, 'Philadelphia Eagles');
insert into athlete values (303, 'Vaughan', 'McUre', 69.37, 237.8, 23, 'San Francisco 49ers');
insert into athlete values (304, 'Flinn', 'Whisby', 66.74, 273.5, 20, 'Seattle Seahawks');
insert into athlete values (305, 'Seward', 'Caltun', 65.71, 225.6, 26, 'Tampa Bay Buccaneers');
insert into athlete values (306, 'Gearalt', 'Rearden', 66.5, 227.9, 22, 'Washington Commanders');
insert into athlete values (307, 'Rockie', 'Steinhammer', 71.49, 190.9, 27, 'Cincinnati Bengals');
insert into athlete values (308, 'Tarrance', 'Semon', 81.97, 241.3, 26, 'Cleveland Browns');
insert into athlete values (309, 'Olag', 'Priddis', 78.47, 252.9, 24, 'Denver Broncos');
insert into athlete values (310, 'Ellsworth', 'Dabbs', 64.23, 212.3, 24, 'Houston Texans');
insert into athlete values (311, 'Morse', 'Coffin', 76.85, 191.5, 26, 'Indianapolis Colts');
insert into athlete values (312, 'Devin', 'Surcomb', 73.53, 235.5, 22, 'Jacksonville Jaguars');
insert into athlete values (313, 'Claudio', 'Pauer', 72.61, 240.7, 22, 'Kansas City Chiefs');
insert into athlete values (314, 'Max', 'Alliott', 62.27, 192.2, 30, 'Las Vegas Raiders');
insert into athlete values (315, 'Darrel', 'Twydell', 81.21, 247.8, 28, 'Los Angeles Chargers');
insert into athlete values (316, 'Colas', 'Spradbrow', 75.77, 227.5, 25, 'Miami Dolphins');
insert into athlete values (317, 'Eddie', 'Fowler', 69.2, 267.0, 28, 'New England Patriots');
insert into athlete values (318, 'Garek', 'Fossey', 69.58, 267.0, 28, 'New York Jets');
insert into athlete values (319, 'Ragnar', 'Wanklin', 80.14, 247.8, 30, 'Pittsburgh Steelers');
insert into athlete values (320, 'Joshia', 'Liff', 64.01, 241.8, 26, 'Tennessee Titans');
insert into athlete values (321, 'Winfred', 'Worwood', 66.1, 267.5, 27, 'Arizona Cardinals');
insert into athlete values (322, 'Andie', 'Venes', 69.88, 239.3, 29, 'Atlanta Falcons');
insert into athlete values (323, 'Darrel', 'Katte', 75.72, 279.4, 27, 'Baltimore Ravens');
insert into athlete values (324, 'Wayne', 'Connold', 67.55, 265.1, 23, 'Buffalo Bills');
insert into athlete values (325, 'Fernando', 'Gotliffe', 69.55, 199.6, 23, 'Carolina Panthers');
insert into athlete values (326, 'Padgett', 'Benns', 72.5, 275.3, 27, 'Chicago Bears');
insert into athlete values (327, 'Rudd', 'MacKniely', 74.87, 236.3, 23, 'Dallas Cowboys');
insert into athlete values (328, 'Garrott', 'Saull', 61.59, 259.4, 27, 'Detroit Lions');
insert into athlete values (329, 'Nester', 'Rubenovic', 74.23, 190.4, 25, 'Green Bay Packers');
insert into athlete values (330, 'Lorant', 'Rust', 61.61, 215.6, 29, 'Los Angeles Rams');
insert into athlete values (331, 'Rudolf', 'Hackney', 66.05, 237.6, 21, 'Minnesota Vikings');
insert into athlete values (332, 'Nicolas', 'Dyzart', 67.61, 225.4, 25, 'New Orleans Saints');
insert into athlete values (333, 'Wolfie', 'Klosa', 80.78, 239.0, 25, 'New York Giants');
insert into athlete values (334, 'Abelard', 'Pidgin', 81.73, 223.1, 27, 'Philadelphia Eagles');
insert into athlete values (335, 'Sean', 'Rookwell', 72.59, 272.6, 19, 'San Francisco 49ers');
insert into athlete values (336, 'Max', 'Justis', 66.1, 235.5, 30, 'Seattle Seahawks');
insert into athlete values (337, 'Erny', 'Waggett', 61.68, 229.2, 24, 'Tampa Bay Buccaneers');
insert into athlete values (338, 'Kerwin', 'Trimming', 61.48, 225.0, 26, 'Washington Commanders');
insert into athlete values (339, 'Reinaldos', 'Grimmert', 80.42, 249.7, 21, 'Cincinnati Bengals');
insert into athlete values (340, 'Kaleb', 'Desorts', 73.9, 246.5, 22, 'Cleveland Browns');
insert into athlete values (341, 'Gery', 'Hardacre', 60.74, 214.6, 24, 'Denver Broncos');
insert into athlete values (342, 'Jereme', 'Abatelli', 64.48, 252.7, 25, 'Houston Texans');
insert into athlete values (343, 'Griffie', 'Stonehewer', 69.78, 216.1, 25, 'Indianapolis Colts');
insert into athlete values (344, 'Lem', 'Latchmore', 60.95, 214.7, 22, 'Jacksonville Jaguars');
insert into athlete values (345, 'Rees', 'Boldra', 72.4, 219.3, 23, 'Kansas City Chiefs');
insert into athlete values (346, 'Joaquin', 'Wintour', 70.35, 256.6, 21, 'Las Vegas Raiders');
insert into athlete values (347, 'Dwight', 'Kirtley', 78.26, 191.2, 29, 'Los Angeles Chargers');
insert into athlete values (348, 'Chaunce', 'McClements', 67.7, 248.5, 20, 'Miami Dolphins');
insert into athlete values (349, 'Brandy', 'Mangham', 72.91, 251.2, 20, 'New England Patriots');
insert into athlete values (350, 'Kyle', 'Pirot', 64.95, 229.0, 27, 'New York Jets');
insert into athlete values (351, 'Timothee', 'Daughtery', 79.44, 193.4, 20, 'Pittsburgh Steelers');
insert into athlete values (352, 'Kristofor', 'Gleasane', 67.22, 206.6, 24, 'Tennessee Titans');
insert into athlete values (353, 'Udale', 'Renachowski', 62.92, 255.7, 20, 'Arizona Cardinals');
insert into athlete values (354, 'Jason', 'Cosgreave', 80.95, 224.8, 28, 'Atlanta Falcons');
insert into athlete values (355, 'Wyatt', 'Faircloth', 73.69, 260.3, 19, 'Baltimore Ravens');
insert into athlete values (356, 'Thaxter', 'Jakubovits', 75.31, 259.3, 23, 'Buffalo Bills');
insert into athlete values (357, 'Marvin', 'Westall', 73.2, 263.0, 28, 'Carolina Panthers');
insert into athlete values (358, 'Currie', 'Bayly', 75.74, 236.3, 21, 'Chicago Bears');
insert into athlete values (359, 'Worthington', 'Spender', 71.63, 268.3, 30, 'Dallas Cowboys');
insert into athlete values (360, 'Chancey', 'Trimby', 75.3, 263.1, 23, 'Detroit Lions');
insert into athlete values (361, 'Vidovik', 'Meriott', 78.2, 190.6, 20, 'Green Bay Packers');
insert into athlete values (362, 'Wolfy', 'Mitskevich', 64.84, 225.8, 27, 'Los Angeles Rams');
insert into athlete values (363, 'Yves', 'Serfati', 69.41, 246.5, 30, 'Minnesota Vikings');
insert into athlete values (364, 'Leroi', 'Scholl', 68.28, 239.4, 26, 'New Orleans Saints');
insert into athlete values (365, 'Adler', 'Pesselt', 62.45, 232.7, 25, 'New York Giants');
insert into athlete values (366, 'Pinchas', 'Younglove', 73.29, 260.2, 23, 'Philadelphia Eagles');
insert into athlete values (367, 'Geri', 'Izzatt', 70.6, 261.3, 27, 'San Francisco 49ers');
insert into athlete values (368, 'Michail', 'Calf', 76.06, 202.1, 26, 'Seattle Seahawks');
insert into athlete values (369, 'Conn', 'Goldsack', 80.83, 269.9, 27, 'Tampa Bay Buccaneers');
insert into athlete values (370, 'Isacco', 'Harhoff', 67.8, 250.0, 23, 'Washington Commanders');
insert into athlete values (371, 'Clayborn', 'Agent', 66.86, 207.9, 29, 'Cincinnati Bengals');
insert into athlete values (372, 'Dwain', 'Sherston', 78.22, 262.0, 27, 'Cleveland Browns');
insert into athlete values (373, 'Durward', 'Dener', 61.91, 259.4, 30, 'Denver Broncos');
insert into athlete values (374, 'Bradan', 'Frankema', 75.69, 209.0, 21, 'Houston Texans');
insert into athlete values (375, 'Derrick', 'Gutteridge', 64.93, 262.9, 25, 'Indianapolis Colts');
insert into athlete values (376, 'Sigismund', 'Todman', 76.41, 257.0, 26, 'Jacksonville Jaguars');
insert into athlete values (377, 'Taddeo', 'Trodler', 62.19, 244.1, 19, 'Kansas City Chiefs');
insert into athlete values (378, 'Jerrie', 'Adney', 72.86, 253.2, 21, 'Las Vegas Raiders');
insert into athlete values (379, 'Flynn', 'Wooffinden', 73.88, 201.2, 27, 'Los Angeles Chargers');
insert into athlete values (380, 'Andris', 'Boord', 79.0, 238.5, 24, 'Miami Dolphins');
insert into athlete values (381, 'Ambros', 'Chrismas', 63.07, 210.7, 25, 'New England Patriots');
insert into athlete values (382, 'Arron', 'Gasnell', 70.24, 263.4, 20, 'New York Jets');
insert into athlete values (383, 'Kahaleel', 'Coggings', 80.79, 252.9, 27, 'Pittsburgh Steelers');
insert into athlete values (384, 'Skipp', 'Graddon', 80.89, 247.2, 22, 'Tennessee Titans');
insert into athlete values (385, 'Teddie', 'Strutton', 64.96, 223.8, 30, 'Arizona Cardinals');
insert into athlete values (386, 'Yul', 'Fripps', 60.38, 270.9, 20, 'Atlanta Falcons');
insert into athlete values (387, 'Ruy', 'Mews', 67.56, 222.6, 26, 'Baltimore Ravens');
insert into athlete values (388, 'Ethelbert', 'Grogan', 68.93, 219.1, 23, 'Buffalo Bills');
insert into athlete values (389, 'Flory', 'Barrowclough', 80.84, 215.7, 20, 'Carolina Panthers');
insert into athlete values (390, 'Esme', 'Knightly', 72.62, 239.8, 26, 'Chicago Bears');
insert into athlete values (391, 'Farley', 'Domenico', 79.03, 230.8, 28, 'Dallas Cowboys');
insert into athlete values (392, 'Willie', 'Lippatt', 60.01, 245.0, 23, 'Detroit Lions');
insert into athlete values (393, 'Natale', 'Cheale', 72.39, 225.3, 21, 'Green Bay Packers');
insert into athlete values (394, 'Gareth', 'Woollett', 81.66, 230.5, 30, 'Los Angeles Rams');
insert into athlete values (395, 'Fidole', 'Gabotti', 65.84, 228.3, 23, 'Minnesota Vikings');
insert into athlete values (396, 'Travers', 'Abbatucci', 66.56, 222.3, 23, 'New Orleans Saints');
insert into athlete values (397, 'Tedmund', 'Huitt', 63.89, 229.8, 22, 'New York Giants');
insert into athlete values (398, 'Kalil', 'Semper', 69.4, 216.0, 26, 'Philadelphia Eagles');
insert into athlete values (399, 'Jamil', 'Pahler', 80.02, 279.9, 20, 'San Francisco 49ers');
insert into athlete values (400, 'Westbrooke', 'Russam', 64.22, 233.9, 28, 'Seattle Seahawks');
insert into athlete values (401, 'Marcos', 'Thrush', 66.02, 269.9, 24, 'Tampa Bay Buccaneers');
insert into athlete values (402, 'Reider', 'Watsham', 71.84, 250.5, 19, 'Washington Commanders');
insert into athlete values (403, 'Sylas', 'Pena', 77.65, 267.8, 30, 'Cincinnati Bengals');
insert into athlete values (404, 'Correy', 'Hargey', 67.55, 198.6, 22, 'Cleveland Browns');
insert into athlete values (405, 'Sayers', 'Woodhams', 80.05, 190.9, 20, 'Denver Broncos');
insert into athlete values (406, 'Bond', 'McCrudden', 77.83, 215.6, 29, 'Houston Texans');
insert into athlete values (407, 'Bourke', 'Hadcroft', 76.87, 228.1, 26, 'Indianapolis Colts');
insert into athlete values (408, 'Emmerich', 'Duiguid', 77.64, 218.3, 25, 'Jacksonville Jaguars');
insert into athlete values (409, 'Odell', 'Cundy', 73.94, 231.9, 21, 'Kansas City Chiefs');
insert into athlete values (410, 'Bryon', 'Mounsey', 80.63, 235.3, 28, 'Las Vegas Raiders');
insert into athlete values (411, 'Even', 'Godain', 61.54, 203.7, 20, 'Los Angeles Chargers');
insert into athlete values (412, 'Sonnie', 'Winyard', 76.0, 213.1, 22, 'Miami Dolphins');
insert into athlete values (413, 'Travus', 'Zorzutti', 78.76, 250.8, 29, 'New England Patriots');
insert into athlete values (414, 'Bruno', 'Sudlow', 68.35, 260.3, 25, 'New York Jets');
insert into athlete values (415, 'Chancey', 'Von Der Empten', 67.5, 253.1, 19, 'Pittsburgh Steelers');
insert into athlete values (416, 'Pavel', 'Feak', 74.74, 222.6, 30, 'Tennessee Titans');
insert into athlete values (417, 'Hurleigh', 'Croall', 77.44, 206.5, 30, 'Arizona Cardinals');
insert into athlete values (418, 'Orrin', 'Blaby', 71.32, 263.9, 26, 'Atlanta Falcons');
insert into athlete values (419, 'Nikos', 'O'' Donohue', 69.49, 232.0, 25, 'Baltimore Ravens');
insert into athlete values (420, 'Edgar', 'MacAloren', 63.37, 218.2, 19, 'Buffalo Bills');
insert into athlete values (421, 'Kristoffer', 'Farlane', 70.73, 194.9, 21, 'Carolina Panthers');
insert into athlete values (422, 'Roddy', 'Humbell', 60.62, 225.9, 24, 'Chicago Bears');
insert into athlete values (423, 'Patty', 'Mathiassen', 62.59, 257.7, 20, 'Dallas Cowboys');
insert into athlete values (424, 'Ervin', 'Brothwell', 77.52, 190.8, 21, 'Detroit Lions');
insert into athlete values (425, 'Marty', 'Alison', 71.2, 236.5, 22, 'Green Bay Packers');
insert into athlete values (426, 'Chan', 'Piwall', 79.86, 235.9, 22, 'Los Angeles Rams');
insert into athlete values (427, 'Adam', 'Horche', 80.01, 198.5, 27, 'Minnesota Vikings');
insert into athlete values (428, 'Reynolds', 'Bilney', 63.26, 226.2, 27, 'New Orleans Saints');
insert into athlete values (429, 'Luciano', 'Turgoose', 78.9, 198.0, 25, 'New York Giants');
insert into athlete values (430, 'Dane', 'Weddup', 75.12, 247.4, 24, 'Philadelphia Eagles');
insert into athlete values (431, 'Rickert', 'Fardy', 64.69, 264.7, 22, 'San Francisco 49ers');
insert into athlete values (432, 'Travers', 'Philbrook', 77.66, 279.7, 21, 'Seattle Seahawks');
insert into athlete values (433, 'Maxim', 'Gratrix', 61.88, 252.1, 24, 'Tampa Bay Buccaneers');
insert into athlete values (434, 'Dmitri', 'Gheeraert', 73.97, 222.1, 30, 'Washington Commanders');
insert into athlete values (435, 'Correy', 'Bates', 68.31, 234.5, 26, 'Cincinnati Bengals');
insert into athlete values (436, 'Vladamir', 'Clelle', 81.6, 279.2, 20, 'Cleveland Browns');
insert into athlete values (437, 'Ignaz', 'Narraway', 78.34, 262.2, 28, 'Denver Broncos');
insert into athlete values (438, 'Harwilll', 'Varty', 63.9, 218.1, 30, 'Houston Texans');
insert into athlete values (439, 'Zollie', 'Tacker', 62.59, 213.2, 25, 'Indianapolis Colts');
insert into athlete values (440, 'Olivier', 'Morecombe', 66.89, 215.6, 27, 'Jacksonville Jaguars');
insert into athlete values (441, 'Lonnard', 'MacGowan', 70.05, 247.9, 28, 'Kansas City Chiefs');
insert into athlete values (442, 'Edgardo', 'Jedrysik', 65.36, 268.7, 23, 'Las Vegas Raiders');
insert into athlete values (443, 'Menard', 'Dyet', 67.25, 278.4, 21, 'Los Angeles Chargers');
insert into athlete values (444, 'Leo', 'Churchin', 62.68, 262.1, 23, 'Miami Dolphins');
insert into athlete values (445, 'Taite', 'Braidon', 62.84, 227.3, 20, 'New England Patriots');
insert into athlete values (446, 'Rockie', 'Pimlott', 78.43, 196.6, 26, 'New York Jets');
insert into athlete values (447, 'Camey', 'Denver', 76.52, 235.6, 28, 'Pittsburgh Steelers');
insert into athlete values (448, 'Lockwood', 'Godney', 76.81, 222.7, 30, 'Tennessee Titans');
insert into athlete values (449, 'Leif', 'Greswell', 61.28, 235.7, 21, 'Arizona Cardinals');
insert into athlete values (450, 'Homere', 'Cuddehy', 74.19, 196.7, 29, 'Atlanta Falcons');
insert into athlete values (451, 'Dionisio', 'Eliot', 81.97, 218.0, 25, 'Baltimore Ravens');
insert into athlete values (452, 'Meredeth', 'Wakeford', 66.65, 237.4, 27, 'Buffalo Bills');
insert into athlete values (453, 'Quillan', 'Nower', 75.04, 204.8, 22, 'Carolina Panthers');
insert into athlete values (454, 'Archibold', 'Broadbere', 77.11, 258.8, 24, 'Chicago Bears');
insert into athlete values (455, 'Andrew', 'Beatson', 60.54, 238.8, 21, 'Dallas Cowboys');
insert into athlete values (456, 'Wald', 'Greville', 77.38, 190.7, 22, 'Detroit Lions');
insert into athlete values (457, 'Conant', 'Poluzzi', 70.37, 214.8, 28, 'Green Bay Packers');
insert into athlete values (458, 'Jacky', 'Smoughton', 70.88, 271.1, 26, 'Los Angeles Rams');
insert into athlete values (459, 'Rockie', 'Brookshaw', 60.53, 260.9, 19, 'Minnesota Vikings');
insert into athlete values (460, 'Rafi', 'Buckston', 61.35, 262.5, 30, 'New Orleans Saints');
insert into athlete values (461, 'Barrie', 'Joseph', 73.69, 252.7, 25, 'New York Giants');
insert into athlete values (462, 'Griffy', 'Grout', 80.08, 203.0, 25, 'Philadelphia Eagles');
insert into athlete values (463, 'Dill', 'Clementucci', 78.52, 261.0, 23, 'San Francisco 49ers');
insert into athlete values (464, 'Karim', 'Featherstone', 70.42, 207.7, 25, 'Seattle Seahawks');
insert into athlete values (465, 'Chaunce', 'Watkiss', 64.95, 224.0, 23, 'Tampa Bay Buccaneers');
insert into athlete values (466, 'Fowler', 'Winterton', 62.26, 257.7, 23, 'Washington Commanders');
insert into athlete values (467, 'Klement', 'Edworthy', 71.64, 206.5, 29, 'Cincinnati Bengals');
insert into athlete values (468, 'Derek', 'Fallowfield', 73.75, 232.8, 22, 'Cleveland Browns');
insert into athlete values (469, 'Giacobo', 'Dumberrill', 60.29, 238.6, 19, 'Denver Broncos');
insert into athlete values (470, 'Antin', 'Scardafield', 73.79, 214.6, 29, 'Houston Texans');
insert into athlete values (471, 'Martin', 'Valens-Smith', 80.3, 275.0, 21, 'Indianapolis Colts');
insert into athlete values (472, 'Les', 'Broxis', 73.79, 240.5, 22, 'Jacksonville Jaguars');
insert into athlete values (473, 'Olvan', 'Mardy', 66.58, 236.1, 21, 'Kansas City Chiefs');
insert into athlete values (474, 'Maximo', 'Broxis', 64.06, 243.5, 23, 'Las Vegas Raiders');
insert into athlete values (475, 'Curt', 'Mayger', 63.34, 226.5, 22, 'Los Angeles Chargers');
insert into athlete values (476, 'Rockie', 'Lates', 66.46, 259.6, 30, 'Miami Dolphins');
insert into athlete values (477, 'Tannie', 'Pillman', 74.56, 263.4, 26, 'New England Patriots');
insert into athlete values (478, 'Samuel', 'Walhedd', 71.57, 196.2, 22, 'New York Jets');
insert into athlete values (479, 'Kristo', 'Dean', 76.96, 260.7, 27, 'Pittsburgh Steelers');
insert into athlete values (480, 'Jim', 'Rispen', 66.69, 251.6, 21, 'Tennessee Titans');
insert into athlete values (481, 'Obadiah', 'Beneyto', 80.74, 228.5, 28, 'Arizona Cardinals');
insert into athlete values (482, 'Ravi', 'Kenningham', 67.26, 278.1, 22, 'Atlanta Falcons');
insert into athlete values (483, 'Laurie', 'Spinetti', 69.96, 264.5, 30, 'Baltimore Ravens');
insert into athlete values (484, 'Hyman', 'Langley', 78.96, 196.5, 19, 'Buffalo Bills');
insert into athlete values (485, 'Hagen', 'Stallan', 67.3, 202.1, 20, 'Carolina Panthers');
insert into athlete values (486, 'Egbert', 'Tander', 76.95, 226.3, 23, 'Chicago Bears');
insert into athlete values (487, 'Domenico', 'Fansy', 70.44, 192.2, 23, 'Dallas Cowboys');
insert into athlete values (488, 'Yancy', 'Neiland', 79.01, 204.0, 25, 'Detroit Lions');
insert into athlete values (489, 'Sandy', 'Studeart', 61.21, 266.9, 25, 'Green Bay Packers');
insert into athlete values (490, 'Del', 'Ox', 62.85, 216.2, 22, 'Los Angeles Rams');
insert into athlete values (491, 'Baudoin', 'Aldiss', 74.35, 239.5, 30, 'Minnesota Vikings');
insert into athlete values (492, 'Englebert', 'Fulop', 67.77, 240.5, 19, 'New Orleans Saints');
insert into athlete values (493, 'Pavlov', 'Adriaan', 71.34, 248.8, 26, 'New York Giants');
insert into athlete values (494, 'Nikolos', 'Sandells', 64.1, 239.3, 30, 'Philadelphia Eagles');
insert into athlete values (495, 'Kris', 'Scapelhorn', 73.43, 223.8, 25, 'San Francisco 49ers');
insert into athlete values (496, 'Homer', 'Baudino', 63.97, 195.2, 25, 'Seattle Seahawks');
insert into athlete values (497, 'Dolph', 'Kob', 62.82, 233.9, 20, 'Tampa Bay Buccaneers');
insert into athlete values (498, 'Frederick', 'Girth', 70.02, 266.2, 25, 'Washington Commanders');
insert into athlete values (499, 'Cam', 'McNea', 76.05, 208.9, 25, 'Cincinnati Bengals');
insert into athlete values (500, 'Chip', 'Georgelin', 71.08, 209.0, 28, 'Cleveland Browns');
insert into athlete values (501, 'Myrwyn', 'Brewitt', 73.7, 227.2, 26, 'Denver Broncos');
insert into athlete values (502, 'Marion', 'Wiltsher', 77.61, 193.5, 19, 'Houston Texans');
insert into athlete values (503, 'Christie', 'Rivitt', 62.09, 222.2, 27, 'Indianapolis Colts');
insert into athlete values (504, 'Stuart', 'Hulburd', 61.46, 191.5, 29, 'Jacksonville Jaguars');
insert into athlete values (505, 'Ikey', 'de Aguirre', 80.8, 192.5, 21, 'Kansas City Chiefs');
insert into athlete values (506, 'Welsh', 'Penrose', 81.86, 196.7, 30, 'Las Vegas Raiders');
insert into athlete values (507, 'Barret', 'Cubbinelli', 78.93, 231.8, 24, 'Los Angeles Chargers');
insert into athlete values (508, 'Cos', 'Dissman', 77.86, 192.0, 30, 'Miami Dolphins');
insert into athlete values (509, 'Solomon', 'Houlton', 79.86, 278.8, 19, 'New England Patriots');
insert into athlete values (510, 'Cy', 'Pitrasso', 64.81, 236.9, 29, 'New York Jets');
insert into athlete values (511, 'Brooke', 'Haslock', 74.81, 221.8, 26, 'Pittsburgh Steelers');
insert into athlete values (512, 'Trenton', 'Haymes', 81.99, 220.5, 22, 'Tennessee Titans');
insert into athlete values (513, 'Wilfred', 'Gossling', 72.74, 210.1, 29, 'Arizona Cardinals');
insert into athlete values (514, 'Levin', 'Carek', 77.78, 200.8, 23, 'Atlanta Falcons');
insert into athlete values (515, 'Bertram', 'Sewill', 73.95, 275.5, 27, 'Baltimore Ravens');
insert into athlete values (516, 'Zachariah', 'Brinkley', 60.11, 218.7, 30, 'Buffalo Bills');
insert into athlete values (517, 'Evelyn', 'Glasper', 74.62, 225.8, 22, 'Carolina Panthers');
insert into athlete values (518, 'Tadeo', 'Lohoar', 80.6, 228.8, 24, 'Chicago Bears');
insert into athlete values (519, 'Con', 'Bonefant', 61.17, 205.0, 25, 'Dallas Cowboys');
insert into athlete values (520, 'Kleon', 'Evens', 67.53, 215.5, 29, 'Detroit Lions');
insert into athlete values (521, 'Bald', 'Klebes', 65.95, 208.6, 22, 'Green Bay Packers');
insert into athlete values (522, 'Arley', 'Rochelle', 71.98, 259.0, 28, 'Los Angeles Rams');
insert into athlete values (523, 'Beck', 'Jansky', 73.09, 213.7, 23, 'Minnesota Vikings');
insert into athlete values (524, 'Dell', 'Caley', 68.78, 196.9, 26, 'New Orleans Saints');
insert into athlete values (525, 'Hilario', 'Bonafacino', 67.99, 273.3, 24, 'New York Giants');
insert into athlete values (526, 'Vlad', 'Brymham', 81.28, 257.2, 23, 'Philadelphia Eagles');
insert into athlete values (527, 'Monty', 'Oxtoby', 79.54, 199.8, 21, 'San Francisco 49ers');
insert into athlete values (528, 'Sandy', 'Tinman', 63.65, 246.9, 24, 'Seattle Seahawks');
insert into athlete values (529, 'Benny', 'Janusik', 76.95, 226.2, 24, 'Tampa Bay Buccaneers');
insert into athlete values (530, 'Lee', 'Clavey', 74.5, 264.2, 29, 'Washington Commanders');
insert into athlete values (531, 'Clemmy', 'Parmley', 61.22, 192.1, 28, 'Cincinnati Bengals');
insert into athlete values (532, 'Porter', 'Clow', 68.92, 231.7, 30, 'Cleveland Browns');
insert into athlete values (533, 'Anatol', 'Gages', 68.58, 254.4, 23, 'Denver Broncos');
insert into athlete values (534, 'Horace', 'Pickover', 81.81, 251.2, 19, 'Houston Texans');
insert into athlete values (535, 'Jaimie', 'Sibbering', 69.23, 213.6, 21, 'Indianapolis Colts');
insert into athlete values (536, 'Sigismondo', 'Aspinell', 71.23, 230.3, 26, 'Jacksonville Jaguars');
insert into athlete values (537, 'Somerset', 'Francom', 69.64, 254.2, 26, 'Kansas City Chiefs');
insert into athlete values (538, 'Claudian', 'Dorricott', 73.81, 254.7, 24, 'Las Vegas Raiders');
insert into athlete values (539, 'Chucho', 'Pierrepoint', 80.0, 213.1, 21, 'Los Angeles Chargers');
insert into athlete values (540, 'Garrik', 'Effaunt', 78.46, 242.7, 25, 'Miami Dolphins');
insert into athlete values (541, 'Hymie', 'Healy', 78.45, 210.2, 26, 'New England Patriots');
insert into athlete values (542, 'Jerry', 'Mowsdill', 65.77, 196.8, 28, 'New York Jets');
insert into athlete values (543, 'Deane', 'Noble', 74.66, 245.2, 26, 'Pittsburgh Steelers');
insert into athlete values (544, 'Zachary', 'Sopp', 80.61, 201.1, 19, 'Tennessee Titans');
insert into athlete values (545, 'Rog', 'Castanho', 79.1, 236.3, 24, 'Arizona Cardinals');
insert into athlete values (546, 'Tyler', 'Tree', 70.61, 195.9, 23, 'Atlanta Falcons');
insert into athlete values (547, 'Ermin', 'Drable', 62.05, 223.4, 21, 'Baltimore Ravens');
insert into athlete values (548, 'Carr', 'Islep', 76.3, 268.0, 30, 'Buffalo Bills');
insert into athlete values (549, 'Ty', 'Looby', 76.42, 238.1, 23, 'Carolina Panthers');
insert into athlete values (550, 'Adlai', 'Keat', 73.76, 224.3, 27, 'Chicago Bears');
insert into athlete values (551, 'Chan', 'Dimmack', 66.79, 262.8, 26, 'Dallas Cowboys');
insert into athlete values (552, 'Bil', 'Breakspear', 71.5, 229.2, 29, 'Detroit Lions');
insert into athlete values (553, 'Paten', 'Trent', 69.56, 202.1, 19, 'Green Bay Packers');
insert into athlete values (554, 'Keelby', 'Ganley', 70.58, 270.9, 26, 'Los Angeles Rams');
insert into athlete values (555, 'Tammie', 'MacGrath', 69.7, 265.9, 19, 'Minnesota Vikings');
insert into athlete values (556, 'Elwyn', 'Hathorn', 71.67, 235.3, 22, 'New Orleans Saints');
insert into athlete values (557, 'Padraig', 'McCleverty', 69.6, 232.1, 21, 'New York Giants');
insert into athlete values (558, 'Hamlen', 'Yesinin', 77.87, 245.0, 28, 'Philadelphia Eagles');
insert into athlete values (559, 'Ulysses', 'Roubert', 62.14, 197.7, 30, 'San Francisco 49ers');
insert into athlete values (560, 'Gabriele', 'Endersby', 69.82, 272.8, 19, 'Seattle Seahawks');
insert into athlete values (561, 'Orin', 'Brokenshaw', 75.08, 228.6, 22, 'Tampa Bay Buccaneers');
insert into athlete values (562, 'Jose', 'Dabernott', 66.06, 223.2, 23, 'Washington Commanders');
insert into athlete values (563, 'Hillier', 'Archibold', 70.35, 249.5, 24, 'Cincinnati Bengals');
insert into athlete values (564, 'Thorpe', 'Brimicombe', 60.12, 261.6, 30, 'Cleveland Browns');
insert into athlete values (565, 'Ellwood', 'Johanssen', 64.59, 202.0, 25, 'Denver Broncos');
insert into athlete values (566, 'Wendall', 'Trenbey', 60.9, 224.3, 19, 'Houston Texans');
insert into athlete values (567, 'Way', 'Winney', 68.59, 245.0, 29, 'Indianapolis Colts');
insert into athlete values (568, 'Theodor', 'Pebworth', 68.12, 238.0, 19, 'Jacksonville Jaguars');
insert into athlete values (569, 'Stanton', 'Lockery', 74.58, 195.8, 20, 'Kansas City Chiefs');
insert into athlete values (570, 'Lucais', 'Wordley', 64.27, 216.0, 27, 'Las Vegas Raiders');
insert into athlete values (571, 'Brant', 'Beldam', 69.24, 192.9, 20, 'Los Angeles Chargers');
insert into athlete values (572, 'Marmaduke', 'Battram', 77.41, 207.8, 23, 'Miami Dolphins');
insert into athlete values (573, 'Riordan', 'Brum', 60.3, 265.8, 28, 'New England Patriots');
insert into athlete values (574, 'Van', 'Attrey', 75.28, 234.9, 22, 'New York Jets');
insert into athlete values (575, 'Emery', 'Tyhurst', 80.64, 248.5, 20, 'Pittsburgh Steelers');
insert into athlete values (576, 'Randi', 'Poulney', 81.62, 216.3, 21, 'Tennessee Titans');
insert into athlete values (577, 'Towny', 'Vowden', 80.7, 276.5, 27, 'Arizona Cardinals');
insert into athlete values (578, 'Rancell', 'Bourhill', 72.75, 248.5, 26, 'Atlanta Falcons');
insert into athlete values (579, 'Igor', 'Belcher', 65.34, 262.6, 19, 'Baltimore Ravens');
insert into athlete values (580, 'Orion', 'Sturdey', 60.59, 239.2, 30, 'Buffalo Bills');
insert into athlete values (581, 'Wilburt', 'Adrian', 61.84, 248.1, 19, 'Carolina Panthers');
insert into athlete values (582, 'Deane', 'Worboy', 66.62, 273.5, 22, 'Chicago Bears');
insert into athlete values (583, 'Franz', 'Tantum', 63.04, 219.1, 29, 'Dallas Cowboys');
insert into athlete values (584, 'Pablo', 'Kolczynski', 78.54, 241.3, 30, 'Detroit Lions');
insert into athlete values (585, 'Sarge', 'Dmitrienko', 60.55, 198.7, 21, 'Green Bay Packers');
insert into athlete values (586, 'Pat', 'Buglar', 77.58, 219.6, 23, 'Los Angeles Rams');
insert into athlete values (587, 'Elias', 'Seegar', 73.86, 195.2, 29, 'Minnesota Vikings');
insert into athlete values (588, 'Porty', 'Hannigan', 68.15, 199.2, 28, 'New Orleans Saints');
insert into athlete values (589, 'Claudell', 'Prescote', 61.05, 222.4, 30, 'New York Giants');
insert into athlete values (590, 'Krispin', 'Bruun', 60.98, 249.3, 29, 'Philadelphia Eagles');
insert into athlete values (591, 'Normy', 'Oloman', 63.03, 262.7, 19, 'San Francisco 49ers');
insert into athlete values (592, 'Conrado', 'Hiscocks', 81.94, 280.0, 22, 'Seattle Seahawks');
insert into athlete values (593, 'Marshal', 'Moubray', 81.96, 243.9, 20, 'Tampa Bay Buccaneers');
insert into athlete values (594, 'Levon', 'Harvard', 73.29, 205.6, 24, 'Washington Commanders');
insert into athlete values (595, 'Nat', 'Renshell', 68.79, 217.6, 24, 'Cincinnati Bengals');
insert into athlete values (596, 'Berty', 'Alenshev', 67.99, 191.5, 20, 'Cleveland Browns');
insert into athlete values (597, 'Paton', 'Wraxall', 70.88, 222.1, 22, 'Denver Broncos');
insert into athlete values (598, 'Cece', 'Langthorne', 77.59, 219.8, 26, 'Houston Texans');
insert into athlete values (599, 'Pincus', 'Ferriman', 69.12, 222.5, 27, 'Indianapolis Colts');
insert into athlete values (600, 'Arturo', 'McKeggie', 73.6, 213.2, 24, 'Jacksonville Jaguars');
insert into athlete values (601, 'Case', 'Arnull', 62.12, 253.4, 29, 'Kansas City Chiefs');
insert into athlete values (602, 'Isidoro', 'Ingilson', 70.2, 271.8, 25, 'Las Vegas Raiders');
insert into athlete values (603, 'Lion', 'Crow', 81.89, 267.1, 20, 'Los Angeles Chargers');
insert into athlete values (604, 'Hillard', 'Thompson', 64.15, 273.8, 27, 'Miami Dolphins');
insert into athlete values (605, 'Eberhard', 'Botly', 63.61, 215.7, 22, 'New England Patriots');
insert into athlete values (606, 'Ellwood', 'Riccardelli', 78.26, 239.4, 23, 'New York Jets');
insert into athlete values (607, 'Ignacius', 'Lebel', 76.63, 246.8, 22, 'Pittsburgh Steelers');
insert into athlete values (608, 'Walther', 'Joselevitz', 73.25, 191.2, 30, 'Tennessee Titans');
insert into athlete values (609, 'Chaddy', 'Headech', 67.55, 217.6, 25, 'Arizona Cardinals');
insert into athlete values (610, 'Moss', 'Perham', 66.11, 198.3, 28, 'Atlanta Falcons');
insert into athlete values (611, 'Costa', 'Mazzey', 78.16, 197.7, 22, 'Baltimore Ravens');
insert into athlete values (612, 'Paxon', 'Cuss', 81.33, 258.7, 30, 'Buffalo Bills');
insert into athlete values (613, 'Kenn', 'Went', 67.13, 201.7, 30, 'Carolina Panthers');
insert into athlete values (614, 'Melvyn', 'Dryburgh', 69.12, 237.9, 30, 'Chicago Bears');
insert into athlete values (615, 'Thaddus', 'Leverett', 79.24, 254.4, 26, 'Dallas Cowboys');
insert into athlete values (616, 'Arvie', 'De Filippo', 71.99, 218.1, 21, 'Detroit Lions');
insert into athlete values (617, 'Gabi', 'Iglesiaz', 78.82, 223.5, 26, 'Green Bay Packers');
insert into athlete values (618, 'Gibby', 'Arthars', 77.25, 239.1, 23, 'Los Angeles Rams');
insert into athlete values (619, 'Wayland', 'Kienzle', 76.56, 201.0, 19, 'Minnesota Vikings');
insert into athlete values (620, 'Arin', 'Pawlyn', 63.09, 253.9, 20, 'New Orleans Saints');
insert into athlete values (621, 'Duff', 'Morfield', 74.04, 260.2, 20, 'New York Giants');
insert into athlete values (622, 'Melvyn', 'Gilcrist', 66.96, 262.9, 27, 'Philadelphia Eagles');
insert into athlete values (623, 'Thibaud', 'Attwool', 63.65, 268.8, 23, 'San Francisco 49ers');
insert into athlete values (624, 'Gib', 'Mecchi', 75.41, 226.6, 19, 'Seattle Seahawks');
insert into athlete values (625, 'Randie', 'Rattenbury', 60.12, 201.7, 28, 'Tampa Bay Buccaneers');
insert into athlete values (626, 'Ruttger', 'Ellington', 62.75, 190.3, 23, 'Washington Commanders');
insert into athlete values (627, 'Laird', 'Bysshe', 69.28, 205.9, 25, 'Cincinnati Bengals');
insert into athlete values (628, 'Agosto', 'Halworth', 79.06, 235.4, 26, 'Cleveland Browns');
insert into athlete values (629, 'Salvidor', 'Villaron', 69.33, 196.2, 28, 'Denver Broncos');
insert into athlete values (630, 'Jeffrey', 'Ahrend', 62.44, 208.9, 21, 'Houston Texans');
insert into athlete values (631, 'Izaak', 'Durtnell', 76.1, 198.3, 30, 'Indianapolis Colts');
insert into athlete values (632, 'Lamar', 'Zuann', 81.78, 277.1, 25, 'Jacksonville Jaguars');
insert into athlete values (633, 'Daniel', 'Eglington', 61.41, 264.1, 25, 'Kansas City Chiefs');
insert into athlete values (634, 'Lamond', 'Clubb', 61.14, 212.3, 30, 'Las Vegas Raiders');
insert into athlete values (635, 'Rooney', 'Bohlin', 81.67, 195.4, 29, 'Los Angeles Chargers');
insert into athlete values (636, 'Neron', 'Priddie', 70.91, 191.7, 28, 'Miami Dolphins');
insert into athlete values (637, 'Raymond', 'Gallimore', 81.56, 226.8, 22, 'New England Patriots');
insert into athlete values (638, 'Brenden', 'Deeth', 66.75, 213.5, 29, 'New York Jets');
insert into athlete values (639, 'Cristian', 'Burds', 62.29, 209.8, 23, 'Pittsburgh Steelers');
insert into athlete values (640, 'Elsworth', 'Cutill', 73.5, 275.9, 21, 'Tennessee Titans');
insert into athlete values (641, 'Niel', 'Sager', 64.14, 269.8, 28, 'Arizona Cardinals');
insert into athlete values (642, 'Dwayne', 'Tebbs', 74.94, 232.0, 22, 'Atlanta Falcons');
insert into athlete values (643, 'Lemmie', 'Pendrich', 61.3, 193.4, 20, 'Baltimore Ravens');
insert into athlete values (644, 'Kilian', 'McKibben', 65.98, 201.6, 26, 'Buffalo Bills');
insert into athlete values (645, 'Bartlet', 'Robuchon', 76.67, 242.8, 28, 'Carolina Panthers');
insert into athlete values (646, 'Lou', 'Mullan', 74.61, 215.5, 20, 'Chicago Bears');
insert into athlete values (647, 'Raddy', 'Lyttle', 71.88, 269.6, 20, 'Dallas Cowboys');
insert into athlete values (648, 'Sascha', 'Joerning', 66.89, 243.5, 29, 'Detroit Lions');
insert into athlete values (649, 'Nicola', 'Tothe', 67.29, 259.3, 30, 'Green Bay Packers');
insert into athlete values (650, 'Karim', 'Kemshell', 61.17, 191.9, 30, 'Los Angeles Rams');
insert into athlete values (651, 'Faulkner', 'Danielovitch', 62.2, 249.5, 25, 'Minnesota Vikings');
insert into athlete values (652, 'Lamont', 'Blanc', 61.1, 232.5, 22, 'New Orleans Saints');
insert into athlete values (653, 'Lemmie', 'Caldeyroux', 72.17, 275.0, 24, 'New York Giants');
insert into athlete values (654, 'Salmon', 'Pierrepoint', 71.94, 253.6, 24, 'Philadelphia Eagles');
insert into athlete values (655, 'Clare', 'MacMeeking', 70.14, 258.8, 23, 'San Francisco 49ers');
insert into athlete values (656, 'Inglebert', 'Macon', 74.18, 277.1, 23, 'Seattle Seahawks');
insert into athlete values (657, 'Ikey', 'Dabinett', 73.35, 225.6, 19, 'Tampa Bay Buccaneers');
insert into athlete values (658, 'Norbie', 'Trytsman', 68.84, 255.7, 27, 'Washington Commanders');
insert into athlete values (659, 'Jamey', 'Kissock', 67.99, 237.0, 23, 'Cincinnati Bengals');
insert into athlete values (660, 'Von', 'Blaisdell', 72.04, 195.3, 25, 'Cleveland Browns');
insert into athlete values (661, 'Rafi', 'Garland', 80.1, 206.3, 27, 'Denver Broncos');
insert into athlete values (662, 'Moses', 'Kringe', 67.78, 274.9, 26, 'Houston Texans');
insert into athlete values (663, 'Ivan', 'Fortescue', 79.15, 262.6, 26, 'Indianapolis Colts');
insert into athlete values (664, 'Fabian', 'Mimmack', 61.25, 218.0, 24, 'Jacksonville Jaguars');
insert into athlete values (665, 'Herold', 'Geelan', 71.91, 248.7, 24, 'Kansas City Chiefs');
insert into athlete values (666, 'Bartholomeo', 'Shevell', 72.53, 233.3, 22, 'Las Vegas Raiders');
insert into athlete values (667, 'Ronnie', 'Haacker', 66.02, 271.5, 23, 'Los Angeles Chargers');
insert into athlete values (668, 'Wye', 'Tilston', 70.54, 218.5, 22, 'Miami Dolphins');
insert into athlete values (669, 'Ax', 'Robinet', 72.09, 212.8, 30, 'New England Patriots');
insert into athlete values (670, 'Bevin', 'Gravie', 66.48, 260.5, 26, 'New York Jets');
insert into athlete values (671, 'Oberon', 'Beacom', 61.49, 244.0, 21, 'Pittsburgh Steelers');
insert into athlete values (672, 'Nicky', 'Causby', 60.25, 275.6, 22, 'Tennessee Titans');
insert into athlete values (673, 'Morly', 'Johnes', 75.12, 265.0, 30, 'Arizona Cardinals');
insert into athlete values (674, 'Abey', 'Moorerud', 64.42, 276.2, 24, 'Atlanta Falcons');
insert into athlete values (675, 'Klaus', 'Grain', 74.43, 218.4, 20, 'Baltimore Ravens');
insert into athlete values (676, 'Rabi', 'Winfindale', 61.63, 231.6, 30, 'Buffalo Bills');
insert into athlete values (677, 'Hobey', 'Wildt', 74.89, 209.0, 23, 'Carolina Panthers');
insert into athlete values (678, 'Arnuad', 'Lackner', 77.42, 226.2, 27, 'Chicago Bears');
insert into athlete values (679, 'Ximenes', 'Burrel', 75.86, 254.8, 21, 'Dallas Cowboys');
insert into athlete values (680, 'Aland', 'Saphin', 78.94, 221.9, 28, 'Detroit Lions');
insert into athlete values (681, 'Jethro', 'Robertacci', 73.68, 236.9, 22, 'Green Bay Packers');
insert into athlete values (682, 'Alonzo', 'Palombi', 70.46, 244.3, 29, 'Los Angeles Rams');
insert into athlete values (683, 'Maddy', 'Kohrt', 69.26, 221.6, 22, 'Minnesota Vikings');
insert into athlete values (684, 'Chris', 'Monkley', 69.49, 207.5, 23, 'New Orleans Saints');
insert into athlete values (685, 'Nickey', 'Zohrer', 63.9, 206.6, 25, 'New York Giants');
insert into athlete values (686, 'Addie', 'Churchill', 80.45, 255.9, 26, 'Philadelphia Eagles');
insert into athlete values (687, 'Ben', 'McCabe', 66.21, 217.4, 29, 'San Francisco 49ers');
insert into athlete values (688, 'Fleming', 'Kummerlowe', 67.11, 256.0, 19, 'Seattle Seahawks');
insert into athlete values (689, 'Pavlov', 'Hinkensen', 77.34, 254.6, 26, 'Tampa Bay Buccaneers');
insert into athlete values (690, 'Callean', 'D''Andrea', 68.61, 262.8, 20, 'Washington Commanders');
insert into athlete values (691, 'Mitch', 'Soall', 78.35, 258.4, 28, 'Cincinnati Bengals');
insert into athlete values (692, 'Dennie', 'Christou', 74.39, 249.3, 24, 'Cleveland Browns');
insert into athlete values (693, 'Lammond', 'Mattityahou', 63.92, 196.0, 24, 'Denver Broncos');
insert into athlete values (694, 'Cirstoforo', 'Lepere', 67.25, 263.5, 29, 'Houston Texans');
insert into athlete values (695, 'Laird', 'Pettiward', 74.5, 231.1, 26, 'Indianapolis Colts');
insert into athlete values (696, 'Percival', 'Copnar', 67.34, 199.0, 28, 'Jacksonville Jaguars');
insert into athlete values (697, 'Johnnie', 'Clabburn', 80.69, 224.5, 25, 'Kansas City Chiefs');
insert into athlete values (698, 'Eduino', 'Paske', 71.47, 235.1, 27, 'Las Vegas Raiders');
insert into athlete values (699, 'Oswell', 'Walker', 64.9, 259.7, 28, 'Los Angeles Chargers');
insert into athlete values (700, 'Town', 'Mocquer', 61.29, 228.1, 27, 'Miami Dolphins');
insert into athlete values (701, 'Burg', 'MacAskie', 75.6, 192.1, 30, 'New England Patriots');
insert into athlete values (702, 'Dale', 'McIlwain', 71.62, 260.4, 24, 'New York Jets');
insert into athlete values (703, 'Ethe', 'Pesticcio', 68.15, 243.9, 26, 'Pittsburgh Steelers');
insert into athlete values (704, 'Olivero', 'Maccari', 73.98, 279.6, 23, 'Tennessee Titans');
insert into athlete values (705, 'Barny', 'Crispin', 70.44, 224.8, 20, 'Arizona Cardinals');
insert into athlete values (706, 'Kip', 'Sibson', 67.33, 196.5, 23, 'Atlanta Falcons');
insert into athlete values (707, 'Kean', 'Mannion', 75.82, 229.0, 30, 'Baltimore Ravens');
insert into athlete values (708, 'Bear', 'Ivison', 63.9, 200.0, 19, 'Buffalo Bills');
insert into athlete values (709, 'Rolando', 'Rennocks', 67.89, 230.3, 21, 'Carolina Panthers');
insert into athlete values (710, 'Tomkin', 'Cawsey', 81.87, 229.6, 21, 'Chicago Bears');
insert into athlete values (711, 'Wright', 'Polack', 74.77, 241.9, 23, 'Dallas Cowboys');
insert into athlete values (712, 'Had', 'Fetherby', 73.78, 230.7, 27, 'Detroit Lions');
insert into athlete values (713, 'Tadio', 'Earney', 67.78, 228.8, 23, 'Green Bay Packers');
insert into athlete values (714, 'Ruddy', 'Fiander', 68.11, 228.1, 28, 'Los Angeles Rams');
insert into athlete values (715, 'Jared', 'Stoodale', 60.98, 240.6, 26, 'Minnesota Vikings');
insert into athlete values (716, 'Alexandr', 'Allinson', 61.52, 243.2, 20, 'New Orleans Saints');
insert into athlete values (717, 'Ignacius', 'Nacci', 75.87, 260.6, 26, 'New York Giants');
insert into athlete values (718, 'Nicolais', 'Hartin', 62.43, 248.4, 29, 'Philadelphia Eagles');
insert into athlete values (719, 'Alasteir', 'Dell Casa', 81.22, 265.1, 25, 'San Francisco 49ers');
insert into athlete values (720, 'Bay', 'Shapiro', 73.45, 204.8, 24, 'Seattle Seahawks');
insert into athlete values (721, 'Stillman', 'Lourens', 61.19, 191.2, 30, 'Tampa Bay Buccaneers');
insert into athlete values (722, 'Hermy', 'Coggell', 69.26, 205.6, 25, 'Washington Commanders');
insert into athlete values (723, 'Sylvan', 'Panther', 71.36, 228.3, 20, 'Cincinnati Bengals');
insert into athlete values (724, 'Ambros', 'Chesher', 60.57, 225.9, 23, 'Cleveland Browns');
insert into athlete values (725, 'Rochester', 'Lethcoe', 76.06, 192.0, 30, 'Denver Broncos');
insert into athlete values (726, 'Alasdair', 'de Copeman', 76.57, 251.5, 25, 'Houston Texans');
insert into athlete values (727, 'Ryan', 'Hebron', 73.85, 262.3, 29, 'Indianapolis Colts');
insert into athlete values (728, 'Rafael', 'Ship', 66.84, 229.6, 24, 'Jacksonville Jaguars');
insert into athlete values (729, 'Chucho', 'Birley', 73.36, 229.2, 23, 'Kansas City Chiefs');
insert into athlete values (730, 'Gaelan', 'Balston', 72.2, 279.3, 19, 'Las Vegas Raiders');
insert into athlete values (731, 'Bone', 'Tompkinson', 74.66, 224.4, 21, 'Los Angeles Chargers');
insert into athlete values (732, 'Berty', 'Dzeniskevich', 67.34, 234.0, 23, 'Miami Dolphins');
insert into athlete values (733, 'Reynolds', 'Lippett', 62.13, 234.8, 27, 'New England Patriots');
insert into athlete values (734, 'Sergio', 'Scorah', 67.56, 229.4, 23, 'New York Jets');
insert into athlete values (735, 'Base', 'Pavie', 72.49, 257.4, 24, 'Pittsburgh Steelers');
insert into athlete values (736, 'Ruby', 'Greaser', 63.19, 232.8, 22, 'Tennessee Titans');
insert into athlete values (737, 'Gunter', 'Lount', 73.36, 212.3, 21, 'Arizona Cardinals');
insert into athlete values (738, 'Jamill', 'Bachura', 60.3, 246.3, 22, 'Atlanta Falcons');
insert into athlete values (739, 'Etienne', 'O''Sharkey', 67.81, 196.5, 29, 'Baltimore Ravens');
insert into athlete values (740, 'Redd', 'Geram', 67.34, 274.5, 22, 'Buffalo Bills');
insert into athlete values (741, 'Bealle', 'Knivett', 71.82, 275.1, 30, 'Carolina Panthers');
insert into athlete values (742, 'Sheffield', 'Harce', 74.12, 208.6, 30, 'Chicago Bears');
insert into athlete values (743, 'Jeffie', 'Veevers', 68.43, 190.1, 22, 'Dallas Cowboys');
insert into athlete values (744, 'Tabbie', 'Mainds', 65.33, 261.8, 29, 'Detroit Lions');
insert into athlete values (745, 'Lewie', 'Stockdale', 62.22, 240.0, 22, 'Green Bay Packers');
insert into athlete values (746, 'Haskell', 'Connick', 78.12, 215.1, 27, 'Los Angeles Rams');
insert into athlete values (747, 'Benedicto', 'Mitrikhin', 60.67, 206.2, 21, 'Minnesota Vikings');
insert into athlete values (748, 'Myles', 'Quade', 77.83, 278.5, 21, 'New Orleans Saints');
insert into athlete values (749, 'Darill', 'McKane', 64.6, 206.7, 30, 'New York Giants');
insert into athlete values (750, 'Eduino', 'Follows', 62.89, 206.4, 26, 'Philadelphia Eagles');
insert into athlete values (751, 'Arlin', 'Essam', 63.8, 244.7, 19, 'San Francisco 49ers');
insert into athlete values (752, 'Trenton', 'O''Scully', 77.48, 227.9, 20, 'Seattle Seahawks');
insert into athlete values (753, 'Waylan', 'Eunson', 81.34, 221.5, 28, 'Tampa Bay Buccaneers');
insert into athlete values (754, 'Calvin', 'Asser', 73.93, 256.2, 24, 'Washington Commanders');
insert into athlete values (755, 'Thibaut', 'Guillet', 68.21, 200.7, 30, 'Cincinnati Bengals');
insert into athlete values (756, 'Somerset', 'Wemes', 74.09, 245.2, 20, 'Cleveland Browns');
insert into athlete values (757, 'Tiebold', 'Rachuig', 81.12, 205.9, 29, 'Denver Broncos');
insert into athlete values (758, 'Justinian', 'McGettrick', 62.2, 196.3, 19, 'Houston Texans');
insert into athlete values (759, 'Avrom', 'Rudeforth', 61.48, 225.7, 25, 'Indianapolis Colts');
insert into athlete values (760, 'Ettore', 'Klinck', 78.11, 223.5, 20, 'Jacksonville Jaguars');
insert into athlete values (761, 'Jean', 'Darkin', 78.11, 193.7, 30, 'Kansas City Chiefs');
insert into athlete values (762, 'Padraic', 'Langridge', 70.41, 263.3, 19, 'Las Vegas Raiders');
insert into athlete values (763, 'Garwin', 'Merrywether', 72.1, 213.0, 21, 'Los Angeles Chargers');
insert into athlete values (764, 'Hobart', 'Renney', 66.39, 212.2, 19, 'Miami Dolphins');
insert into athlete values (765, 'Townie', 'Cutbirth', 75.72, 246.0, 27, 'New England Patriots');
insert into athlete values (766, 'Zolly', 'Cossans', 65.05, 261.8, 21, 'New York Jets');
insert into athlete values (767, 'Herby', 'Guyonneau', 75.32, 192.5, 22, 'Pittsburgh Steelers');
insert into athlete values (768, 'Luke', 'Janatka', 65.57, 206.7, 29, 'Tennessee Titans');
insert into athlete values (769, 'Troy', 'Luttger', 64.77, 209.0, 24, 'Arizona Cardinals');
insert into athlete values (770, 'Biron', 'Gurnett', 80.57, 190.8, 20, 'Atlanta Falcons');
insert into athlete values (771, 'Spencer', 'Staples', 65.73, 265.9, 19, 'Baltimore Ravens');
insert into athlete values (772, 'Thorvald', 'Dineges', 76.5, 194.8, 24, 'Buffalo Bills');
insert into athlete values (773, 'Marlon', 'Draijer', 73.36, 211.0, 19, 'Carolina Panthers');
insert into athlete values (774, 'Quinton', 'Etock', 64.2, 251.5, 19, 'Chicago Bears');
insert into athlete values (775, 'Damian', 'Sancho', 80.75, 255.8, 27, 'Dallas Cowboys');
insert into athlete values (776, 'Nicolis', 'Chazelle', 73.67, 218.4, 26, 'Detroit Lions');
insert into athlete values (777, 'Grantham', 'Endrici', 74.48, 236.6, 24, 'Green Bay Packers');
insert into athlete values (778, 'Perkin', 'Edginton', 71.4, 231.9, 25, 'Los Angeles Rams');
insert into athlete values (779, 'Davide', 'Upjohn', 81.42, 227.8, 20, 'Minnesota Vikings');
insert into athlete values (780, 'Arte', 'Le Provest', 77.49, 258.2, 27, 'New Orleans Saints');
insert into athlete values (781, 'Sherm', 'Doulden', 64.02, 259.7, 27, 'New York Giants');
insert into athlete values (782, 'Raimundo', 'MacClenan', 69.27, 253.0, 30, 'Philadelphia Eagles');
insert into athlete values (783, 'Mattheus', 'Wedmore', 66.43, 225.5, 27, 'San Francisco 49ers');
insert into athlete values (784, 'Aguste', 'Baseley', 61.53, 252.3, 22, 'Seattle Seahawks');
insert into athlete values (785, 'Gamaliel', 'Ramlot', 76.32, 209.5, 28, 'Tampa Bay Buccaneers');
insert into athlete values (786, 'Inigo', 'Shilburne', 60.77, 219.9, 28, 'Washington Commanders');
insert into athlete values (787, 'Andre', 'Leates', 68.33, 215.6, 23, 'Cincinnati Bengals');
insert into athlete values (788, 'Grover', 'Goggen', 65.48, 261.2, 22, 'Cleveland Browns');
insert into athlete values (789, 'Purcell', 'Tibald', 67.38, 253.1, 25, 'Denver Broncos');
insert into athlete values (790, 'Ferrel', 'Pentony', 65.88, 208.2, 20, 'Houston Texans');
insert into athlete values (791, 'Bond', 'Dudden', 64.95, 246.5, 28, 'Indianapolis Colts');
insert into athlete values (792, 'Felike', 'McCrann', 80.29, 224.1, 30, 'Jacksonville Jaguars');
insert into athlete values (793, 'Gail', 'Kenford', 63.9, 200.0, 21, 'Kansas City Chiefs');
insert into athlete values (794, 'Ave', 'Dilke', 76.48, 254.5, 21, 'Las Vegas Raiders');
insert into athlete values (795, 'Ronnie', 'Wrates', 71.67, 200.2, 22, 'Los Angeles Chargers');
insert into athlete values (796, 'Mohammed', 'McPhelim', 68.52, 223.0, 29, 'Miami Dolphins');
insert into athlete values (797, 'Sax', 'Wightman', 79.16, 276.6, 28, 'New England Patriots');
insert into athlete values (798, 'Harcourt', 'Fewster', 61.73, 266.7, 19, 'New York Jets');
insert into athlete values (799, 'Arnold', 'Kirsopp', 76.56, 258.4, 19, 'Pittsburgh Steelers');
insert into athlete values (800, 'Earle', 'Jandel', 73.62, 226.6, 19, 'Tennessee Titans');
insert into athlete values (801, 'Corbin', 'Stancliffe', 61.34, 247.6, 30, 'Arizona Cardinals');
insert into athlete values (802, 'Vladamir', 'Feldharker', 66.55, 249.2, 30, 'Atlanta Falcons');
insert into athlete values (803, 'Muhammad', 'Skahill', 68.47, 260.2, 23, 'Baltimore Ravens');
insert into athlete values (804, 'Eberhard', 'Schlagman', 62.04, 213.4, 27, 'Buffalo Bills');
insert into athlete values (805, 'Gare', 'Tue', 71.66, 267.1, 24, 'Carolina Panthers');
insert into athlete values (806, 'Benedikt', 'Tregust', 75.9, 250.6, 30, 'Chicago Bears');
insert into athlete values (807, 'Quentin', 'Yitzhakof', 66.47, 276.0, 19, 'Dallas Cowboys');
insert into athlete values (808, 'Onfroi', 'Cornelissen', 74.58, 228.9, 21, 'Detroit Lions');
insert into athlete values (809, 'Tomaso', 'Whithalgh', 70.13, 252.8, 26, 'Green Bay Packers');
insert into athlete values (810, 'Renard', 'Gimblett', 61.75, 258.4, 29, 'Los Angeles Rams');
insert into athlete values (811, 'Roderick', 'Cherm', 74.93, 196.6, 19, 'Minnesota Vikings');
insert into athlete values (812, 'Oby', 'Keunemann', 60.87, 251.1, 27, 'New Orleans Saints');
insert into athlete values (813, 'Berk', 'Lovart', 70.75, 251.2, 30, 'New York Giants');
insert into athlete values (814, 'Roldan', 'Carruthers', 76.09, 193.5, 24, 'Philadelphia Eagles');
insert into athlete values (815, 'Caspar', 'Chasteau', 72.32, 220.2, 27, 'San Francisco 49ers');
insert into athlete values (816, 'Jacob', 'Binion', 68.93, 279.8, 28, 'Seattle Seahawks');
insert into athlete values (817, 'Bertrando', 'Hufton', 64.98, 210.0, 28, 'Tampa Bay Buccaneers');
insert into athlete values (818, 'Courtnay', 'Bowser', 78.24, 253.7, 20, 'Washington Commanders');
insert into athlete values (819, 'Frederic', 'Whiles', 76.5, 203.0, 28, 'Cincinnati Bengals');
insert into athlete values (820, 'Timmy', 'Krammer', 62.38, 203.6, 19, 'Cleveland Browns');
insert into athlete values (821, 'Henri', 'Pele', 73.81, 192.5, 21, 'Denver Broncos');
insert into athlete values (822, 'Cody', 'Chennells', 81.06, 275.6, 21, 'Houston Texans');
insert into athlete values (823, 'De witt', 'MacInherney', 75.27, 224.6, 27, 'Indianapolis Colts');
insert into athlete values (824, 'Jard', 'Tooley', 72.14, 215.7, 21, 'Jacksonville Jaguars');
insert into athlete values (825, 'Bill', 'Stodit', 81.74, 234.6, 26, 'Kansas City Chiefs');
insert into athlete values (826, 'Mort', 'Attewill', 70.14, 216.6, 20, 'Las Vegas Raiders');
insert into athlete values (827, 'Onofredo', 'Duke', 75.95, 212.0, 27, 'Los Angeles Chargers');
insert into athlete values (828, 'Samson', 'Aubert', 68.67, 255.0, 27, 'Miami Dolphins');
insert into athlete values (829, 'Frans', 'Grouer', 74.21, 269.4, 20, 'New England Patriots');
insert into athlete values (830, 'Barron', 'Cottill', 63.06, 194.2, 25, 'New York Jets');
insert into athlete values (831, 'Gage', 'Rickersy', 61.13, 265.6, 27, 'Pittsburgh Steelers');
insert into athlete values (832, 'Waverley', 'Nares', 71.13, 265.7, 21, 'Tennessee Titans');
insert into athlete values (833, 'Zak', 'Kirrage', 63.94, 231.0, 30, 'Arizona Cardinals');
insert into athlete values (834, 'Kinnie', 'Fernan', 69.73, 264.1, 22, 'Atlanta Falcons');
insert into athlete values (835, 'Courtney', 'Sommerlin', 79.96, 213.5, 26, 'Baltimore Ravens');
insert into athlete values (836, 'Vlad', 'Jorcke', 78.38, 194.6, 25, 'Buffalo Bills');
insert into athlete values (837, 'Barnabas', 'Beaver', 78.07, 251.5, 22, 'Carolina Panthers');
insert into athlete values (838, 'Ettore', 'Finkle', 77.98, 242.0, 26, 'Chicago Bears');
insert into athlete values (839, 'Gaby', 'Powland', 60.45, 271.0, 29, 'Dallas Cowboys');
insert into athlete values (840, 'Ced', 'Playfoot', 65.61, 248.8, 23, 'Detroit Lions');
insert into athlete values (841, 'Gabbie', 'Folger', 70.92, 203.8, 21, 'Green Bay Packers');
insert into athlete values (842, 'Mike', 'Circuit', 69.57, 232.7, 29, 'Los Angeles Rams');
insert into athlete values (843, 'Olivero', 'Nodes', 80.62, 248.0, 23, 'Minnesota Vikings');
insert into athlete values (844, 'Isadore', 'Lorrain', 63.75, 192.9, 19, 'New Orleans Saints');
insert into athlete values (845, 'Mozes', 'Pedder', 81.56, 212.7, 22, 'New York Giants');
insert into athlete values (846, 'Abrahan', 'Fountain', 64.27, 267.6, 30, 'Philadelphia Eagles');
insert into athlete values (847, 'Isador', 'Vsanelli', 65.19, 211.9, 30, 'San Francisco 49ers');
insert into athlete values (848, 'Nicola', 'Blaksland', 67.36, 257.7, 20, 'Seattle Seahawks');
insert into athlete values (849, 'Brod', 'Udell', 60.88, 220.5, 30, 'Tampa Bay Buccaneers');
insert into athlete values (850, 'Demott', 'Gauge', 78.4, 215.4, 26, 'Washington Commanders');
insert into athlete values (851, 'Otes', 'Huggons', 62.64, 192.3, 23, 'Cincinnati Bengals');
insert into athlete values (852, 'Antin', 'Buxcey', 61.05, 214.8, 25, 'Cleveland Browns');
insert into athlete values (853, 'Tommie', 'Mortell', 77.05, 212.7, 26, 'Denver Broncos');
insert into athlete values (854, 'Mathias', 'Simmonett', 75.95, 202.1, 19, 'Houston Texans');
insert into athlete values (855, 'Ellwood', 'Pirdue', 77.98, 254.6, 28, 'Indianapolis Colts');
insert into athlete values (856, 'Hinze', 'Augie', 81.83, 257.5, 24, 'Jacksonville Jaguars');
insert into athlete values (857, 'Humfrey', 'Cage', 79.36, 248.9, 24, 'Kansas City Chiefs');
insert into athlete values (858, 'Granthem', 'Milbourn', 73.47, 241.8, 25, 'Las Vegas Raiders');
insert into athlete values (859, 'Wilmer', 'Gley', 69.39, 277.5, 25, 'Los Angeles Chargers');
insert into athlete values (860, 'Freddie', 'Tuson', 76.71, 190.9, 28, 'Miami Dolphins');
insert into athlete values (861, 'Devy', 'Dunbavin', 69.31, 259.2, 25, 'New England Patriots');
insert into athlete values (862, 'Neel', 'Shakespear', 67.78, 190.4, 25, 'New York Jets');
insert into athlete values (863, 'Ambrosio', 'Fishburn', 67.33, 219.8, 19, 'Pittsburgh Steelers');
insert into athlete values (864, 'Clifford', 'Follos', 70.62, 205.4, 28, 'Tennessee Titans');
insert into athlete values (865, 'Boris', 'Guerreau', 78.9, 256.4, 20, 'Arizona Cardinals');
insert into athlete values (866, 'Jervis', 'Guilliland', 78.03, 233.3, 21, 'Atlanta Falcons');
insert into athlete values (867, 'Wilmar', 'Walsom', 75.99, 217.5, 26, 'Baltimore Ravens');
insert into athlete values (868, 'Ashby', 'Riddles', 77.82, 245.4, 30, 'Buffalo Bills');
insert into athlete values (869, 'Nicol', 'Bartels-Ellis', 79.31, 276.4, 25, 'Carolina Panthers');
insert into athlete values (870, 'Obie', 'Steptow', 64.29, 222.0, 22, 'Chicago Bears');
insert into athlete values (871, 'Mateo', 'Endle', 70.61, 193.2, 22, 'Dallas Cowboys');
insert into athlete values (872, 'Jaye', 'Cains', 67.87, 223.3, 25, 'Detroit Lions');
insert into athlete values (873, 'Rolando', 'Bratch', 66.97, 208.8, 26, 'Green Bay Packers');
insert into athlete values (874, 'Rudolfo', 'Costelloe', 72.22, 209.1, 21, 'Los Angeles Rams');
insert into athlete values (875, 'Hamilton', 'Mullen', 61.82, 232.0, 28, 'Minnesota Vikings');
insert into athlete values (876, 'Gaelan', 'Burnhill', 61.01, 235.6, 20, 'New Orleans Saints');
insert into athlete values (877, 'Francois', 'Enoksson', 73.02, 194.6, 28, 'New York Giants');
insert into athlete values (878, 'Emanuele', 'Tumelty', 65.97, 204.7, 19, 'Philadelphia Eagles');
insert into athlete values (879, 'Bert', 'Heckle', 64.18, 271.4, 23, 'San Francisco 49ers');
insert into athlete values (880, 'Chrisse', 'Banville', 74.13, 205.3, 25, 'Seattle Seahawks');
insert into athlete values (881, 'Wallis', 'Roback', 74.75, 192.0, 27, 'Tampa Bay Buccaneers');
insert into athlete values (882, 'Trumaine', 'Luciano', 62.56, 258.7, 22, 'Washington Commanders');
insert into athlete values (883, 'Flemming', 'Veevers', 69.95, 243.3, 24, 'Cincinnati Bengals');
insert into athlete values (884, 'Cecilio', 'Imeson', 75.56, 261.4, 20, 'Cleveland Browns');
insert into athlete values (885, 'Farley', 'Mathevet', 66.86, 233.9, 21, 'Denver Broncos');
insert into athlete values (886, 'Sauncho', 'Brettoner', 80.03, 206.8, 23, 'Houston Texans');
insert into athlete values (887, 'Joe', 'Baylis', 75.87, 210.1, 28, 'Indianapolis Colts');
insert into athlete values (888, 'Josiah', 'Burberow', 61.75, 220.0, 30, 'Jacksonville Jaguars');
insert into athlete values (889, 'Ezechiel', 'Brydie', 60.07, 235.7, 29, 'Kansas City Chiefs');
insert into athlete values (890, 'Ogdon', 'Ceeley', 80.77, 192.2, 30, 'Las Vegas Raiders');
insert into athlete values (891, 'Reynard', 'Rambaut', 76.23, 256.0, 24, 'Los Angeles Chargers');
insert into athlete values (892, 'Charlie', 'Braddon', 69.44, 226.4, 19, 'Miami Dolphins');
insert into athlete values (893, 'Romeo', 'China', 69.29, 206.5, 25, 'New England Patriots');
insert into athlete values (894, 'Merle', 'Cusack', 72.36, 207.0, 19, 'New York Jets');
insert into athlete values (895, 'Karlis', 'Shadbolt', 78.35, 196.5, 30, 'Pittsburgh Steelers');
insert into athlete values (896, 'Barnaby', 'Riddick', 67.49, 259.8, 27, 'Tennessee Titans');
insert into athlete values (897, 'Martino', 'Lusher', 81.61, 207.2, 25, 'Arizona Cardinals');
insert into athlete values (898, 'Gasparo', 'Miller', 64.77, 272.3, 25, 'Atlanta Falcons');
insert into athlete values (899, 'Brewster', 'Freund', 71.71, 219.8, 24, 'Baltimore Ravens');
insert into athlete values (900, 'Torey', 'Edmed', 61.16, 231.8, 27, 'Buffalo Bills');
insert into athlete values (901, 'Denver', 'Sambath', 62.45, 197.2, 29, 'Carolina Panthers');
insert into athlete values (902, 'Galven', 'Bullas', 75.77, 230.8, 24, 'Chicago Bears');
insert into athlete values (903, 'Wang', 'Stot', 65.95, 259.0, 20, 'Dallas Cowboys');
insert into athlete values (904, 'Holden', 'Ritmeier', 80.65, 198.9, 22, 'Detroit Lions');
insert into athlete values (905, 'Bale', 'Sydenham', 73.47, 269.9, 19, 'Green Bay Packers');
insert into athlete values (906, 'Donovan', 'Bruhnke', 68.46, 211.6, 22, 'Los Angeles Rams');
insert into athlete values (907, 'Kimble', 'Eby', 66.66, 254.1, 25, 'Minnesota Vikings');
insert into athlete values (908, 'Filberte', 'Betancourt', 63.72, 235.7, 22, 'New Orleans Saints');
insert into athlete values (909, 'Alick', 'Keaves', 71.86, 210.1, 30, 'New York Giants');
insert into athlete values (910, 'Christoph', 'Payler', 77.85, 239.9, 30, 'Philadelphia Eagles');
insert into athlete values (911, 'Ebenezer', 'Bellew', 71.11, 257.6, 27, 'San Francisco 49ers');
insert into athlete values (912, 'Shepherd', 'Gooders', 62.44, 269.6, 24, 'Seattle Seahawks');
insert into athlete values (913, 'Kingsley', 'Dmitrievski', 73.9, 262.3, 23, 'Tampa Bay Buccaneers');
insert into athlete values (914, 'Brok', 'Druett', 70.08, 193.5, 20, 'Washington Commanders');
insert into athlete values (915, 'Port', 'Dyers', 78.3, 202.9, 20, 'Cincinnati Bengals');
insert into athlete values (916, 'Tobit', 'Benedek', 61.39, 254.5, 20, 'Cleveland Browns');
insert into athlete values (917, 'Killian', 'O''Curran', 68.52, 267.9, 24, 'Denver Broncos');
insert into athlete values (918, 'Horatio', 'Tyers', 74.19, 257.5, 23, 'Houston Texans');
insert into athlete values (919, 'Berke', 'Soots', 72.27, 209.0, 21, 'Indianapolis Colts');
insert into athlete values (920, 'Arnold', 'Raspin', 73.19, 199.5, 24, 'Jacksonville Jaguars');
insert into athlete values (921, 'Tracie', 'Readitt', 66.02, 200.4, 28, 'Kansas City Chiefs');
insert into athlete values (922, 'Allistir', 'Greenaway', 68.35, 199.8, 19, 'Las Vegas Raiders');
insert into athlete values (923, 'Aubrey', 'Olyfat', 70.15, 250.6, 23, 'Los Angeles Chargers');
insert into athlete values (924, 'Uriah', 'Snookes', 61.38, 278.9, 23, 'Miami Dolphins');
insert into athlete values (925, 'Randie', 'Magog', 76.13, 197.2, 24, 'New England Patriots');
insert into athlete values (926, 'Linus', 'Pavolillo', 73.95, 258.3, 23, 'New York Jets');
insert into athlete values (927, 'Ruperto', 'Thaxter', 74.38, 256.0, 30, 'Pittsburgh Steelers');
insert into athlete values (928, 'Martainn', 'Mayne', 69.71, 227.1, 21, 'Tennessee Titans');
insert into athlete values (929, 'Monte', 'Schild', 78.02, 253.7, 21, 'Arizona Cardinals');
insert into athlete values (930, 'Cosmo', 'Latchford', 80.75, 209.6, 28, 'Atlanta Falcons');
insert into athlete values (931, 'Osbert', 'Slyme', 80.84, 217.1, 26, 'Baltimore Ravens');
insert into athlete values (932, 'Joaquin', 'MacDiarmond', 66.58, 240.2, 19, 'Buffalo Bills');
insert into athlete values (933, 'Lloyd', 'Razoux', 75.67, 191.1, 29, 'Carolina Panthers');
insert into athlete values (934, 'Miner', 'Matiashvili', 62.08, 214.3, 29, 'Chicago Bears');
insert into athlete values (935, 'Tally', 'Osichev', 66.58, 278.3, 21, 'Dallas Cowboys');
insert into athlete values (936, 'Woodman', 'Fanthome', 76.93, 232.2, 27, 'Detroit Lions');
insert into athlete values (937, 'Hammad', 'Carrell', 66.32, 249.7, 27, 'Green Bay Packers');
insert into athlete values (938, 'Roger', 'Torrie', 65.56, 266.1, 27, 'Los Angeles Rams');
insert into athlete values (939, 'Leland', 'Oolahan', 80.89, 262.5, 30, 'Minnesota Vikings');
insert into athlete values (940, 'Gerry', 'Hyndman', 60.85, 198.0, 24, 'New Orleans Saints');
insert into athlete values (941, 'Allin', 'Degan', 72.3, 215.4, 21, 'New York Giants');
insert into athlete values (942, 'Broderic', 'Kalkofen', 72.16, 239.4, 19, 'Philadelphia Eagles');
insert into athlete values (943, 'Vin', 'Torry', 76.36, 262.0, 22, 'San Francisco 49ers');
insert into athlete values (944, 'Ellary', 'Consterdine', 78.94, 206.0, 20, 'Seattle Seahawks');
insert into athlete values (945, 'Burk', 'Whereat', 71.93, 228.6, 29, 'Tampa Bay Buccaneers');
insert into athlete values (946, 'Duffie', 'Dulwitch', 79.33, 193.7, 30, 'Washington Commanders');
insert into athlete values (947, 'Jackson', 'MacElane', 60.34, 199.9, 20, 'Cincinnati Bengals');
insert into athlete values (948, 'Boigie', 'Hanstock', 64.27, 240.4, 24, 'Cleveland Browns');
insert into athlete values (949, 'Bourke', 'Beagin', 63.58, 194.2, 26, 'Denver Broncos');
insert into athlete values (950, 'Royall', 'Ratcliffe', 70.79, 246.1, 24, 'Houston Texans');
insert into athlete values (951, 'Shalom', 'Stitt', 70.71, 215.7, 25, 'Indianapolis Colts');
insert into athlete values (952, 'Jan', 'Ghiroldi', 60.26, 243.2, 25, 'Jacksonville Jaguars');
insert into athlete values (953, 'Hillyer', 'Bewfield', 72.57, 253.1, 30, 'Kansas City Chiefs');
insert into athlete values (954, 'Morgen', 'Bedenham', 80.28, 220.8, 19, 'Las Vegas Raiders');
insert into athlete values (955, 'Irwin', 'Learoid', 64.02, 259.4, 23, 'Los Angeles Chargers');
insert into athlete values (956, 'Bryn', 'Colborn', 78.84, 231.3, 30, 'Miami Dolphins');
insert into athlete values (957, 'Herrick', 'Joskovitch', 80.33, 240.8, 24, 'New England Patriots');
insert into athlete values (958, 'Clement', 'Grece', 68.57, 246.5, 22, 'New York Jets');
insert into athlete values (959, 'Maynord', 'Santer', 65.64, 207.3, 20, 'Pittsburgh Steelers');
insert into athlete values (960, 'Ward', 'Molineaux', 63.03, 259.3, 20, 'Tennessee Titans');
insert into athlete values (961, 'Farlay', 'Peres', 66.64, 211.1, 22, 'Arizona Cardinals');
insert into athlete values (962, 'Vladimir', 'Arkill', 62.26, 279.3, 26, 'Atlanta Falcons');
insert into athlete values (963, 'Morley', 'Lay', 63.19, 238.3, 23, 'Baltimore Ravens');
insert into athlete values (964, 'Jory', 'Axby', 80.03, 208.7, 23, 'Buffalo Bills');
insert into athlete values (965, 'Nels', 'Mallebone', 60.98, 244.5, 22, 'Carolina Panthers');
insert into athlete values (966, 'Dennet', 'Davern', 63.53, 233.2, 30, 'Chicago Bears');
insert into athlete values (967, 'Barrett', 'Scherme', 69.34, 204.0, 20, 'Dallas Cowboys');
insert into athlete values (968, 'Florian', 'McIndoe', 74.99, 242.2, 27, 'Detroit Lions');
insert into athlete values (969, 'Jakob', 'De Beauchemp', 77.64, 248.0, 21, 'Green Bay Packers');
insert into athlete values (970, 'Arte', 'Santostefano.', 76.97, 198.6, 30, 'Los Angeles Rams');
insert into athlete values (971, 'Shurlock', 'Uman', 72.77, 262.5, 29, 'Minnesota Vikings');
insert into athlete values (972, 'Osmund', 'Lidgard', 66.62, 204.6, 25, 'New Orleans Saints');
insert into athlete values (973, 'Ronald', 'Brithman', 69.09, 237.8, 19, 'New York Giants');
insert into athlete values (974, 'Nero', 'Scogin', 77.53, 198.2, 21, 'Philadelphia Eagles');
insert into athlete values (975, 'Olin', 'Jiggens', 78.28, 213.1, 30, 'San Francisco 49ers');
insert into athlete values (976, 'Zack', 'Thorn', 72.21, 200.4, 21, 'Seattle Seahawks');
insert into athlete values (977, 'Leonid', 'Riches', 74.05, 250.1, 22, 'Tampa Bay Buccaneers');
insert into athlete values (978, 'Duke', 'Barensen', 78.46, 211.9, 26, 'Washington Commanders');
insert into athlete values (979, 'Lindsay', 'Goley', 73.63, 203.7, 26, 'Cincinnati Bengals');
insert into athlete values (980, 'Gerik', 'Pirt', 70.69, 210.9, 19, 'Cleveland Browns');
insert into athlete values (981, 'Donall', 'Dhillon', 72.97, 248.6, 22, 'Denver Broncos');
insert into athlete values (982, 'Bent', 'Fettiplace', 67.94, 265.6, 27, 'Houston Texans');
insert into athlete values (983, 'Alisander', 'Girardin', 62.34, 193.6, 21, 'Indianapolis Colts');
insert into athlete values (984, 'Bertrand', 'Hinkens', 80.33, 212.3, 25, 'Jacksonville Jaguars');
insert into athlete values (985, 'Byrann', 'Berthelet', 81.29, 273.1, 29, 'Kansas City Chiefs');
insert into athlete values (986, 'Buckie', 'Scotfurth', 64.28, 241.5, 23, 'Las Vegas Raiders');
insert into athlete values (987, 'Ignacio', 'Fettis', 77.08, 231.7, 25, 'Los Angeles Chargers');
insert into athlete values (988, 'Chaunce', 'Kondratovich', 80.24, 213.0, 22, 'Miami Dolphins');
insert into athlete values (989, 'Jamison', 'Biernacki', 67.69, 224.2, 30, 'New England Patriots');
insert into athlete values (990, 'Ruttger', 'Savile', 80.56, 196.9, 23, 'New York Jets');
insert into athlete values (991, 'Mike', 'Friskey', 80.03, 214.6, 24, 'Pittsburgh Steelers');
insert into athlete values (992, 'Ermanno', 'Geaveny', 69.36, 256.7, 29, 'Tennessee Titans');

CREATE TABLE athlete_career_stats (
    athlete_id INT NOT NULL,
    pass_attempts INT,
    completed_passes INT,
    -- pass_percentage INT, can be pass_attempts / completed_passes in a view
    passing_yards INT,
    -- avg_yds_per_pass_attempt INT, can be pass_attempts / passing_yards in a view
    touchdown_passes INT,
    interceptions_thrown INT,
    times_sacked INT,
    rushing_attempts INT,
    rushing_yards INT,
    -- avg_yds_per_rush INT, can be rushing_yards / rushing_attempts
    rushing_touchdowns INT,
    rushing_first_downs INT,
    longest_rush INT,
    total_fumbles INT,
    fumbles_lost INT,
    FOREIGN KEY (athlete_id) REFERENCES athlete (athlete_id),
    PRIMARY KEY (athlete_id)
);

insert into athlete_career_stats values (1, 249, 618, 244, 577, 422, 524, 566, 821, 724, 50, 141, 24, 474);
insert into athlete_career_stats values (2, 250, 145, 629, 502, 869, 259, 76, 193, 141, 95, 105, 35, 232);
insert into athlete_career_stats values (3, 221, 509, 502, 638, 457, 718, 220, 452, 79, 51, 537, 24, 66);
insert into athlete_career_stats values (4, 463, 298, 283, 416, 190, 942, 346, 493, 575, 63, 180, 19, 58);
insert into athlete_career_stats values (5, 424, 896, 915, 529, 281, 943, 539, 943, 581, 92, 387, 19, 21);
insert into athlete_career_stats values (6, 61, 695, 77, 83, 727, 983, 278, 444, 318, 71, 478, 64, 517);
insert into athlete_career_stats values (7, 881, 409, 762, 587, 338, 715, 35, 462, 853, 39, 525, 56, 230);
insert into athlete_career_stats values (8, 569, 360, 670, 284, 618, 943, 497, 135, 160, 62, 292, 17, 275);
insert into athlete_career_stats values (9, 908, 360, 89, 750, 893, 601, 593, 987, 533, 82, 587, 40, 595);
insert into athlete_career_stats values (10, 615, 705, 203, 510, 436, 512, 440, 614, 490, 48, 578, 25, 440);
insert into athlete_career_stats values (11, 243, 364, 79, 64, 475, 231, 147, 563, 101, 88, 22, 35, 622);
insert into athlete_career_stats values (12, 902, 259, 150, 565, 721, 657, 864, 108, 461, 24, 139, 12, 452);
insert into athlete_career_stats values (13, 590, 467, 83, 802, 607, 311, 460, 778, 205, 76, 479, 46, 62);
insert into athlete_career_stats values (14, 916, 759, 429, 578, 86, 201, 357, 879, 916, 61, 122, 5, 28);
insert into athlete_career_stats values (15, 182, 559, 366, 346, 341, 116, 42, 167, 872, 27, 529, 21, 107);
insert into athlete_career_stats values (16, 400, 706, 174, 781, 688, 876, 240, 710, 164, 97, 131, 20, 193);
insert into athlete_career_stats values (17, 631, 68, 917, 152, 881, 88, 126, 394, 603, 39, 590, 26, 462);
insert into athlete_career_stats values (18, 675, 668, 755, 790, 397, 109, 797, 723, 525, 14, 440, 21, 322);
insert into athlete_career_stats values (19, 38, 140, 812, 311, 644, 953, 726, 932, 222, 67, 318, 26, 524);
insert into athlete_career_stats values (20, 830, 268, 679, 521, 268, 886, 803, 631, 761, 60, 99, 7, 195);
insert into athlete_career_stats values (21, 652, 149, 317, 861, 398, 466, 351, 555, 429, 52, 498, 52, 720);
insert into athlete_career_stats values (22, 252, 467, 539, 748, 181, 793, 252, 777, 894, 56, 401, 33, 373);
insert into athlete_career_stats values (23, 137, 888, 864, 536, 957, 296, 413, 907, 395, 58, 95, 56, 54);
insert into athlete_career_stats values (24, 946, 820, 27, 202, 937, 947, 169, 839, 141, 91, 245, 53, 98);
insert into athlete_career_stats values (25, 163, 395, 975, 552, 335, 775, 774, 587, 652, 63, 522, 44, 238);
insert into athlete_career_stats values (26, 328, 809, 183, 640, 475, 755, 342, 44, 655, 76, 399, 66, 638);
insert into athlete_career_stats values (27, 339, 117, 470, 422, 894, 772, 701, 133, 331, 64, 19, 39, 659);
insert into athlete_career_stats values (28, 723, 423, 509, 345, 897, 869, 444, 966, 307, 31, 15, 56, 155);
insert into athlete_career_stats values (29, 86, 317, 841, 769, 501, 882, 250, 320, 151, 97, 39, 57, 579);
insert into athlete_career_stats values (30, 668, 75, 644, 963, 5, 232, 278, 586, 70, 99, 246, 54, 191);
insert into athlete_career_stats values (31, 775, 990, 270, 509, 266, 893, 117, 69, 632, 16, 252, 62, 452);
insert into athlete_career_stats values (32, 782, 505, 353, 368, 830, 196, 274, 307, 717, 7, 520, 56, 713);
insert into athlete_career_stats values (33, 357, 954, 138, 598, 831, 497, 375, 952, 717, 72, 5, 50, 227);
insert into athlete_career_stats values (34, 649, 265, 671, 203, 429, 647, 592, 116, 950, 50, 591, 35, 24);
insert into athlete_career_stats values (35, 375, 650, 746, 630, 987, 326, 610, 388, 315, 75, 58, 11, 541);
insert into athlete_career_stats values (36, 427, 624, 125, 824, 636, 315, 82, 461, 44, 69, 297, 48, 609);
insert into athlete_career_stats values (37, 557, 103, 625, 915, 121, 488, 151, 104, 413, 16, 398, 42, 666);
insert into athlete_career_stats values (38, 926, 769, 107, 375, 627, 268, 748, 356, 714, 7, 339, 5, 710);
insert into athlete_career_stats values (39, 11, 586, 268, 23, 578, 741, 197, 525, 277, 55, 161, 28, 508);
insert into athlete_career_stats values (40, 656, 998, 541, 479, 788, 939, 758, 391, 64, 80, 431, 6, 416);
insert into athlete_career_stats values (41, 896, 308, 787, 392, 766, 10, 767, 508, 467, 91, 393, 11, 84);
insert into athlete_career_stats values (42, 36, 757, 425, 460, 447, 626, 271, 526, 796, 91, 412, 45, 649);
insert into athlete_career_stats values (43, 82, 448, 182, 994, 478, 649, 280, 11, 111, 73, 196, 18, 37);
insert into athlete_career_stats values (44, 251, 599, 711, 490, 286, 755, 214, 761, 569, 41, 436, 63, 36);
insert into athlete_career_stats values (45, 730, 831, 613, 274, 357, 370, 315, 247, 206, 50, 164, 24, 464);
insert into athlete_career_stats values (46, 591, 708, 127, 646, 42, 360, 19, 352, 149, 95, 465, 47, 132);
insert into athlete_career_stats values (47, 68, 701, 230, 624, 876, 529, 361, 226, 295, 75, 596, 19, 684);
insert into athlete_career_stats values (48, 293, 789, 289, 365, 350, 803, 234, 761, 463, 6, 314, 69, 443);
insert into athlete_career_stats values (49, 265, 543, 645, 425, 414, 270, 517, 476, 79, 46, 564, 49, 19);
insert into athlete_career_stats values (50, 67, 882, 393, 702, 267, 115, 854, 60, 518, 48, 225, 51, 690);
insert into athlete_career_stats values (51, 339, 425, 619, 227, 700, 723, 680, 371, 353, 67, 336, 50, 604);
insert into athlete_career_stats values (52, 405, 950, 838, 150, 368, 684, 724, 8, 958, 91, 294, 41, 227);
insert into athlete_career_stats values (53, 240, 706, 693, 643, 873, 493, 376, 101, 944, 94, 493, 29, 61);
insert into athlete_career_stats values (54, 983, 727, 894, 49, 188, 510, 87, 159, 767, 68, 115, 58, 66);
insert into athlete_career_stats values (55, 384, 917, 622, 440, 199, 408, 677, 575, 768, 22, 100, 45, 177);
insert into athlete_career_stats values (56, 669, 805, 535, 408, 949, 806, 603, 521, 106, 68, 350, 55, 474);
insert into athlete_career_stats values (57, 575, 838, 551, 86, 487, 740, 810, 214, 32, 10, 453, 20, 343);
insert into athlete_career_stats values (58, 155, 850, 950, 730, 785, 391, 821, 723, 261, 100, 436, 17, 48);
insert into athlete_career_stats values (59, 148, 320, 586, 984, 639, 157, 267, 352, 415, 43, 213, 12, 580);
insert into athlete_career_stats values (60, 603, 679, 365, 662, 718, 264, 808, 80, 395, 84, 508, 49, 160);
insert into athlete_career_stats values (61, 471, 771, 197, 452, 628, 571, 423, 264, 491, 13, 299, 60, 199);
insert into athlete_career_stats values (62, 480, 525, 220, 113, 686, 358, 663, 774, 982, 27, 165, 6, 456);
insert into athlete_career_stats values (63, 72, 784, 978, 494, 287, 542, 667, 292, 716, 59, 72, 12, 689);
insert into athlete_career_stats values (64, 339, 373, 524, 334, 166, 275, 695, 694, 91, 71, 529, 20, 281);
insert into athlete_career_stats values (65, 737, 244, 777, 642, 260, 362, 372, 335, 256, 73, 566, 10, 277);
insert into athlete_career_stats values (66, 353, 775, 230, 289, 883, 73, 131, 922, 662, 62, 517, 17, 487);
insert into athlete_career_stats values (67, 965, 870, 355, 800, 991, 773, 24, 182, 649, 74, 82, 22, 629);
insert into athlete_career_stats values (68, 317, 581, 233, 901, 64, 657, 29, 325, 958, 20, 572, 58, 585);
insert into athlete_career_stats values (69, 802, 585, 430, 876, 703, 612, 191, 551, 513, 32, 61, 5, 140);
insert into athlete_career_stats values (70, 963, 215, 697, 524, 576, 567, 213, 353, 362, 79, 299, 66, 342);
insert into athlete_career_stats values (71, 808, 627, 571, 932, 400, 865, 721, 530, 720, 46, 337, 13, 368);
insert into athlete_career_stats values (72, 901, 282, 7, 992, 549, 624, 265, 96, 591, 11, 244, 58, 89);
insert into athlete_career_stats values (73, 319, 340, 191, 217, 277, 772, 118, 640, 241, 91, 388, 10, 264);
insert into athlete_career_stats values (74, 520, 925, 81, 76, 875, 818, 487, 97, 516, 7, 190, 36, 324);
insert into athlete_career_stats values (75, 914, 856, 385, 619, 647, 963, 802, 662, 282, 77, 92, 5, 107);
insert into athlete_career_stats values (76, 848, 139, 246, 552, 576, 422, 570, 287, 943, 75, 349, 41, 237);
insert into athlete_career_stats values (77, 887, 680, 857, 918, 144, 403, 495, 565, 395, 86, 260, 29, 476);
insert into athlete_career_stats values (78, 95, 867, 615, 979, 540, 12, 229, 250, 804, 48, 303, 16, 197);
insert into athlete_career_stats values (79, 709, 393, 830, 65, 79, 162, 771, 590, 144, 19, 288, 33, 477);
insert into athlete_career_stats values (80, 727, 869, 696, 710, 642, 352, 238, 298, 426, 70, 315, 65, 672);
insert into athlete_career_stats values (81, 456, 187, 128, 799, 527, 132, 812, 887, 572, 79, 383, 16, 655);
insert into athlete_career_stats values (82, 791, 336, 444, 497, 59, 594, 234, 921, 866, 41, 593, 10, 85);
insert into athlete_career_stats values (83, 727, 27, 518, 914, 138, 278, 260, 728, 575, 59, 349, 60, 698);
insert into athlete_career_stats values (84, 299, 849, 206, 998, 474, 660, 464, 596, 650, 87, 48, 23, 314);
insert into athlete_career_stats values (85, 314, 53, 263, 490, 204, 176, 840, 986, 713, 72, 466, 46, 94);
insert into athlete_career_stats values (86, 585, 282, 254, 179, 899, 122, 685, 509, 168, 54, 6, 68, 358);
insert into athlete_career_stats values (87, 813, 738, 492, 587, 605, 499, 39, 830, 235, 76, 91, 20, 506);
insert into athlete_career_stats values (88, 178, 814, 658, 605, 702, 900, 193, 101, 591, 27, 357, 24, 563);
insert into athlete_career_stats values (89, 32, 854, 730, 591, 349, 392, 108, 794, 591, 38, 11, 23, 530);
insert into athlete_career_stats values (90, 848, 792, 274, 706, 311, 473, 257, 518, 150, 53, 243, 67, 530);
insert into athlete_career_stats values (91, 612, 711, 506, 800, 87, 942, 569, 187, 696, 76, 328, 18, 155);
insert into athlete_career_stats values (92, 688, 889, 738, 405, 146, 620, 843, 541, 698, 13, 363, 20, 468);
insert into athlete_career_stats values (93, 918, 719, 569, 689, 645, 262, 789, 457, 181, 8, 343, 11, 150);
insert into athlete_career_stats values (94, 153, 173, 801, 27, 703, 426, 14, 475, 431, 96, 259, 50, 251);
insert into athlete_career_stats values (95, 602, 885, 859, 738, 377, 588, 880, 85, 540, 40, 325, 25, 682);
insert into athlete_career_stats values (96, 340, 733, 347, 710, 200, 598, 555, 160, 202, 17, 420, 7, 217);
insert into athlete_career_stats values (97, 486, 528, 182, 819, 484, 774, 10, 72, 60, 9, 521, 34, 192);
insert into athlete_career_stats values (98, 934, 586, 330, 674, 952, 676, 809, 844, 239, 85, 323, 51, 116);
insert into athlete_career_stats values (99, 983, 152, 147, 402, 194, 940, 778, 418, 460, 64, 152, 56, 389);
insert into athlete_career_stats values (100, 509, 192, 553, 982, 492, 402, 567, 455, 244, 31, 504, 49, 475);
insert into athlete_career_stats values (101, 588, 450, 796, 747, 405, 656, 571, 42, 69, 30, 182, 51, 338);
insert into athlete_career_stats values (102, 550, 215, 68, 41, 15, 262, 835, 259, 674, 12, 11, 19, 14);
insert into athlete_career_stats values (103, 973, 732, 199, 197, 38, 421, 130, 397, 557, 74, 22, 13, 177);
insert into athlete_career_stats values (104, 538, 547, 34, 255, 818, 162, 523, 109, 336, 68, 331, 33, 101);
insert into athlete_career_stats values (105, 101, 44, 792, 860, 303, 53, 884, 459, 434, 83, 456, 36, 715);
insert into athlete_career_stats values (106, 95, 318, 880, 632, 849, 713, 258, 415, 975, 63, 507, 8, 507);
insert into athlete_career_stats values (107, 264, 414, 936, 815, 681, 423, 687, 958, 95, 72, 125, 42, 78);
insert into athlete_career_stats values (108, 858, 882, 9, 188, 245, 683, 792, 989, 178, 80, 313, 52, 73);
insert into athlete_career_stats values (109, 208, 577, 899, 160, 56, 163, 875, 186, 634, 9, 582, 58, 375);
insert into athlete_career_stats values (110, 308, 37, 22, 611, 602, 407, 42, 874, 91, 20, 11, 5, 75);
insert into athlete_career_stats values (111, 602, 981, 734, 14, 80, 297, 781, 113, 627, 58, 313, 55, 413);
insert into athlete_career_stats values (112, 972, 121, 628, 68, 802, 359, 825, 898, 41, 91, 547, 39, 163);
insert into athlete_career_stats values (113, 520, 777, 842, 790, 416, 325, 301, 261, 447, 73, 268, 10, 193);
insert into athlete_career_stats values (114, 112, 527, 869, 870, 635, 230, 631, 983, 488, 93, 217, 46, 531);
insert into athlete_career_stats values (115, 837, 650, 139, 454, 898, 677, 550, 114, 457, 98, 454, 27, 678);
insert into athlete_career_stats values (116, 899, 712, 938, 477, 547, 996, 379, 411, 588, 75, 205, 19, 646);
insert into athlete_career_stats values (117, 919, 805, 889, 173, 392, 367, 56, 816, 131, 13, 20, 7, 328);
insert into athlete_career_stats values (118, 819, 400, 804, 825, 675, 721, 779, 102, 764, 38, 322, 67, 329);
insert into athlete_career_stats values (119, 922, 922, 76, 817, 553, 774, 113, 95, 689, 64, 513, 22, 14);
insert into athlete_career_stats values (120, 418, 649, 880, 733, 391, 528, 541, 924, 258, 95, 388, 68, 99);
insert into athlete_career_stats values (121, 718, 813, 176, 681, 426, 660, 203, 411, 139, 66, 307, 40, 690);
insert into athlete_career_stats values (122, 870, 767, 587, 551, 405, 413, 152, 674, 51, 75, 369, 51, 18);
insert into athlete_career_stats values (123, 580, 747, 324, 12, 389, 946, 641, 225, 881, 8, 492, 12, 29);
insert into athlete_career_stats values (124, 955, 168, 863, 326, 722, 493, 152, 104, 886, 85, 451, 54, 422);
insert into athlete_career_stats values (125, 934, 727, 125, 623, 493, 444, 410, 36, 708, 38, 582, 16, 146);
insert into athlete_career_stats values (126, 87, 331, 657, 598, 606, 623, 554, 714, 726, 45, 90, 21, 245);
insert into athlete_career_stats values (127, 187, 624, 323, 569, 457, 807, 718, 470, 535, 100, 249, 39, 27);
insert into athlete_career_stats values (128, 586, 741, 337, 599, 209, 608, 254, 786, 821, 6, 153, 30, 21);
insert into athlete_career_stats values (129, 839, 257, 817, 354, 850, 152, 756, 968, 605, 40, 532, 12, 157);
insert into athlete_career_stats values (130, 47, 469, 472, 430, 34, 581, 413, 23, 260, 33, 327, 6, 242);
insert into athlete_career_stats values (131, 461, 776, 150, 219, 308, 923, 641, 249, 849, 34, 589, 50, 232);
insert into athlete_career_stats values (132, 962, 121, 250, 689, 316, 194, 103, 488, 659, 39, 264, 59, 717);
insert into athlete_career_stats values (133, 370, 8, 888, 933, 89, 6, 762, 398, 37, 18, 38, 64, 218);
insert into athlete_career_stats values (134, 783, 434, 869, 176, 743, 792, 242, 160, 393, 77, 175, 14, 475);
insert into athlete_career_stats values (135, 76, 506, 133, 395, 111, 271, 546, 609, 846, 47, 451, 15, 611);
insert into athlete_career_stats values (136, 74, 174, 467, 391, 753, 878, 686, 485, 280, 38, 481, 24, 88);
insert into athlete_career_stats values (137, 990, 402, 834, 865, 429, 447, 728, 782, 77, 61, 408, 50, 710);
insert into athlete_career_stats values (138, 739, 273, 729, 253, 873, 536, 863, 831, 344, 53, 341, 59, 728);
insert into athlete_career_stats values (139, 848, 652, 611, 781, 526, 71, 202, 810, 889, 42, 482, 48, 87);
insert into athlete_career_stats values (140, 315, 462, 127, 15, 513, 334, 700, 693, 593, 56, 26, 56, 319);
insert into athlete_career_stats values (141, 74, 938, 17, 544, 55, 7, 359, 310, 267, 34, 157, 24, 272);
insert into athlete_career_stats values (142, 788, 298, 909, 481, 100, 89, 765, 780, 10, 55, 488, 39, 134);
insert into athlete_career_stats values (143, 976, 594, 194, 433, 86, 813, 107, 759, 913, 89, 584, 68, 218);
insert into athlete_career_stats values (144, 625, 321, 325, 666, 914, 168, 186, 464, 278, 74, 346, 37, 232);
insert into athlete_career_stats values (145, 650, 130, 929, 959, 825, 11, 47, 80, 664, 83, 553, 56, 511);
insert into athlete_career_stats values (146, 378, 634, 661, 800, 853, 303, 408, 70, 817, 32, 408, 5, 490);
insert into athlete_career_stats values (147, 136, 556, 353, 106, 684, 844, 704, 26, 259, 18, 336, 50, 343);
insert into athlete_career_stats values (148, 14, 902, 522, 890, 43, 40, 212, 834, 186, 19, 123, 62, 726);
insert into athlete_career_stats values (149, 871, 66, 601, 590, 823, 80, 21, 632, 392, 6, 445, 38, 326);
insert into athlete_career_stats values (150, 498, 751, 54, 691, 765, 187, 736, 384, 808, 39, 68, 9, 98);
insert into athlete_career_stats values (151, 839, 16, 685, 514, 900, 132, 447, 813, 331, 41, 408, 10, 701);
insert into athlete_career_stats values (152, 940, 843, 139, 577, 949, 996, 89, 703, 588, 61, 470, 38, 99);
insert into athlete_career_stats values (153, 955, 879, 737, 236, 721, 650, 360, 447, 611, 87, 45, 61, 474);
insert into athlete_career_stats values (154, 472, 564, 709, 301, 416, 460, 623, 457, 166, 27, 42, 31, 96);
insert into athlete_career_stats values (155, 251, 821, 926, 50, 579, 810, 435, 167, 950, 73, 531, 66, 729);
insert into athlete_career_stats values (156, 101, 869, 564, 89, 338, 465, 231, 813, 20, 29, 201, 30, 244);
insert into athlete_career_stats values (157, 434, 988, 297, 740, 352, 844, 335, 607, 68, 98, 219, 14, 583);
insert into athlete_career_stats values (158, 249, 373, 272, 903, 701, 611, 103, 57, 518, 78, 52, 11, 729);
insert into athlete_career_stats values (159, 437, 810, 274, 219, 265, 372, 562, 239, 946, 92, 417, 25, 139);
insert into athlete_career_stats values (160, 831, 792, 51, 817, 354, 332, 154, 84, 149, 58, 308, 11, 365);
insert into athlete_career_stats values (161, 239, 457, 489, 23, 203, 521, 173, 104, 623, 98, 180, 54, 293);
insert into athlete_career_stats values (162, 848, 748, 791, 555, 555, 427, 412, 905, 90, 98, 373, 6, 555);
insert into athlete_career_stats values (163, 515, 221, 749, 329, 396, 386, 194, 521, 242, 53, 181, 41, 58);
insert into athlete_career_stats values (164, 620, 548, 439, 654, 128, 235, 650, 413, 37, 14, 307, 12, 68);
insert into athlete_career_stats values (165, 31, 552, 954, 775, 866, 334, 251, 294, 965, 10, 301, 63, 423);
insert into athlete_career_stats values (166, 527, 562, 799, 120, 752, 509, 55, 42, 686, 44, 597, 15, 562);
insert into athlete_career_stats values (167, 411, 237, 692, 574, 210, 789, 888, 986, 542, 96, 92, 32, 69);
insert into athlete_career_stats values (168, 667, 23, 280, 997, 180, 331, 463, 65, 819, 28, 29, 13, 354);
insert into athlete_career_stats values (169, 715, 426, 628, 538, 181, 416, 239, 69, 563, 88, 418, 51, 344);
insert into athlete_career_stats values (170, 987, 374, 46, 950, 603, 9, 614, 425, 903, 8, 437, 67, 254);
insert into athlete_career_stats values (171, 154, 121, 136, 608, 558, 126, 83, 950, 684, 99, 73, 64, 369);
insert into athlete_career_stats values (172, 555, 9, 207, 898, 457, 547, 432, 288, 136, 78, 348, 12, 515);
insert into athlete_career_stats values (173, 488, 443, 913, 569, 444, 148, 89, 833, 539, 98, 97, 12, 694);
insert into athlete_career_stats values (174, 426, 44, 118, 347, 104, 154, 783, 349, 33, 12, 549, 60, 221);
insert into athlete_career_stats values (175, 65, 6, 978, 954, 726, 310, 44, 441, 304, 36, 582, 68, 389);
insert into athlete_career_stats values (176, 579, 791, 109, 566, 795, 873, 324, 326, 944, 87, 418, 59, 125);
insert into athlete_career_stats values (177, 488, 466, 734, 116, 492, 388, 508, 152, 992, 80, 273, 33, 508);
insert into athlete_career_stats values (178, 395, 739, 147, 15, 635, 412, 38, 256, 982, 29, 233, 61, 322);
insert into athlete_career_stats values (179, 600, 600, 916, 263, 715, 336, 851, 592, 200, 95, 344, 24, 168);
insert into athlete_career_stats values (180, 487, 330, 752, 790, 753, 359, 511, 540, 526, 58, 119, 59, 738);
insert into athlete_career_stats values (181, 372, 649, 151, 863, 988, 896, 790, 956, 771, 97, 64, 13, 409);
insert into athlete_career_stats values (182, 659, 608, 469, 824, 327, 133, 184, 418, 617, 95, 196, 37, 595);
insert into athlete_career_stats values (183, 270, 373, 450, 12, 574, 544, 173, 575, 500, 97, 427, 30, 388);
insert into athlete_career_stats values (184, 566, 496, 787, 788, 570, 594, 345, 466, 598, 35, 480, 48, 455);
insert into athlete_career_stats values (185, 327, 904, 501, 834, 886, 354, 381, 259, 782, 56, 448, 41, 496);
insert into athlete_career_stats values (186, 581, 654, 826, 267, 752, 52, 268, 218, 627, 46, 180, 51, 417);
insert into athlete_career_stats values (187, 936, 828, 490, 395, 983, 236, 643, 294, 986, 80, 545, 36, 51);
insert into athlete_career_stats values (188, 496, 176, 206, 456, 702, 548, 696, 827, 472, 73, 417, 23, 212);
insert into athlete_career_stats values (189, 195, 121, 745, 201, 172, 645, 792, 419, 387, 10, 526, 52, 357);
insert into athlete_career_stats values (190, 547, 896, 890, 134, 564, 695, 98, 617, 908, 43, 61, 67, 418);
insert into athlete_career_stats values (191, 825, 254, 842, 868, 492, 563, 195, 588, 852, 9, 573, 28, 443);
insert into athlete_career_stats values (192, 570, 170, 589, 404, 387, 902, 155, 524, 351, 69, 12, 25, 627);
insert into athlete_career_stats values (193, 931, 393, 167, 228, 570, 279, 346, 941, 687, 48, 127, 51, 384);
insert into athlete_career_stats values (194, 237, 115, 409, 316, 938, 570, 693, 762, 583, 80, 360, 6, 549);
insert into athlete_career_stats values (195, 451, 10, 921, 48, 311, 576, 786, 553, 939, 70, 180, 35, 308);
insert into athlete_career_stats values (196, 156, 490, 318, 257, 364, 456, 769, 238, 77, 25, 184, 43, 280);
insert into athlete_career_stats values (197, 453, 180, 656, 817, 95, 309, 312, 594, 311, 92, 150, 37, 227);
insert into athlete_career_stats values (198, 454, 506, 155, 715, 622, 318, 305, 97, 17, 100, 69, 38, 662);
insert into athlete_career_stats values (199, 331, 896, 122, 863, 502, 454, 188, 622, 668, 72, 176, 19, 181);
insert into athlete_career_stats values (200, 566, 152, 922, 27, 803, 810, 658, 130, 146, 63, 453, 32, 208);
insert into athlete_career_stats values (201, 297, 75, 611, 871, 550, 164, 338, 548, 910, 91, 340, 42, 213);
insert into athlete_career_stats values (202, 409, 568, 28, 774, 775, 845, 572, 969, 940, 56, 194, 45, 32);
insert into athlete_career_stats values (203, 523, 732, 251, 541, 963, 330, 264, 36, 635, 86, 79, 42, 34);
insert into athlete_career_stats values (204, 983, 952, 195, 557, 665, 581, 452, 169, 63, 91, 31, 40, 341);
insert into athlete_career_stats values (205, 906, 27, 40, 591, 7, 957, 866, 265, 729, 77, 362, 47, 374);
insert into athlete_career_stats values (206, 772, 312, 707, 746, 998, 799, 336, 122, 613, 23, 468, 43, 448);
insert into athlete_career_stats values (207, 582, 905, 624, 708, 430, 435, 235, 487, 241, 30, 154, 34, 590);
insert into athlete_career_stats values (208, 743, 754, 806, 567, 105, 408, 848, 345, 99, 70, 306, 7, 482);
insert into athlete_career_stats values (209, 286, 225, 809, 130, 519, 899, 751, 474, 248, 6, 191, 58, 221);
insert into athlete_career_stats values (210, 213, 748, 338, 466, 276, 955, 793, 286, 548, 79, 370, 39, 281);
insert into athlete_career_stats values (211, 898, 970, 549, 775, 707, 411, 522, 601, 149, 45, 77, 48, 665);
insert into athlete_career_stats values (212, 31, 934, 528, 328, 281, 649, 97, 900, 812, 43, 587, 12, 170);
insert into athlete_career_stats values (213, 185, 602, 780, 965, 995, 154, 698, 662, 134, 71, 392, 12, 26);
insert into athlete_career_stats values (214, 696, 352, 95, 803, 503, 534, 13, 305, 272, 68, 240, 47, 460);
insert into athlete_career_stats values (215, 261, 173, 639, 522, 288, 842, 294, 229, 143, 36, 17, 40, 50);
insert into athlete_career_stats values (216, 506, 823, 94, 665, 621, 739, 348, 734, 199, 41, 13, 17, 149);
insert into athlete_career_stats values (217, 392, 497, 248, 432, 366, 604, 75, 927, 155, 32, 506, 34, 183);
insert into athlete_career_stats values (218, 197, 104, 549, 504, 508, 618, 468, 117, 171, 96, 514, 64, 487);
insert into athlete_career_stats values (219, 329, 960, 476, 882, 903, 421, 593, 913, 796, 45, 392, 67, 303);
insert into athlete_career_stats values (220, 44, 343, 748, 679, 226, 341, 775, 235, 232, 57, 16, 50, 293);
insert into athlete_career_stats values (221, 366, 537, 721, 889, 388, 674, 786, 435, 951, 55, 86, 48, 439);
insert into athlete_career_stats values (222, 365, 465, 960, 410, 574, 230, 296, 883, 513, 8, 29, 18, 86);
insert into athlete_career_stats values (223, 210, 328, 502, 760, 525, 400, 654, 361, 881, 90, 50, 43, 242);
insert into athlete_career_stats values (224, 657, 274, 715, 970, 379, 882, 522, 965, 881, 57, 322, 52, 432);
insert into athlete_career_stats values (225, 158, 137, 89, 336, 579, 884, 363, 434, 124, 94, 104, 13, 562);
insert into athlete_career_stats values (226, 145, 999, 710, 390, 433, 360, 291, 683, 268, 38, 27, 56, 262);
insert into athlete_career_stats values (227, 689, 616, 733, 839, 108, 669, 857, 164, 607, 26, 98, 54, 556);
insert into athlete_career_stats values (228, 73, 112, 494, 690, 259, 722, 511, 721, 848, 8, 391, 26, 452);
insert into athlete_career_stats values (229, 61, 992, 747, 627, 430, 372, 118, 94, 503, 70, 176, 34, 676);
insert into athlete_career_stats values (230, 646, 53, 806, 297, 490, 647, 161, 748, 630, 50, 12, 32, 58);
insert into athlete_career_stats values (231, 466, 608, 673, 166, 925, 963, 394, 988, 627, 63, 600, 8, 481);
insert into athlete_career_stats values (232, 873, 957, 644, 307, 729, 128, 175, 600, 604, 45, 532, 31, 32);
insert into athlete_career_stats values (233, 407, 487, 356, 157, 504, 527, 800, 242, 878, 24, 345, 50, 375);
insert into athlete_career_stats values (234, 430, 262, 18, 809, 298, 87, 227, 357, 264, 7, 438, 9, 177);
insert into athlete_career_stats values (235, 932, 236, 387, 645, 882, 399, 26, 595, 439, 46, 130, 68, 88);
insert into athlete_career_stats values (236, 301, 480, 974, 959, 253, 769, 730, 451, 31, 88, 52, 14, 83);
insert into athlete_career_stats values (237, 432, 284, 591, 360, 879, 71, 657, 576, 637, 18, 18, 54, 572);
insert into athlete_career_stats values (238, 497, 868, 834, 476, 64, 379, 599, 349, 449, 68, 28, 35, 18);
insert into athlete_career_stats values (239, 946, 239, 118, 799, 138, 68, 661, 688, 408, 60, 484, 63, 656);
insert into athlete_career_stats values (240, 387, 217, 384, 449, 784, 512, 622, 129, 541, 29, 244, 22, 728);
insert into athlete_career_stats values (241, 624, 847, 799, 64, 217, 460, 283, 193, 31, 34, 197, 15, 75);
insert into athlete_career_stats values (242, 817, 845, 960, 633, 757, 699, 772, 969, 269, 20, 591, 37, 610);
insert into athlete_career_stats values (243, 345, 255, 280, 444, 617, 959, 318, 19, 855, 25, 50, 48, 459);
insert into athlete_career_stats values (244, 287, 492, 565, 531, 719, 157, 477, 463, 350, 85, 478, 9, 426);
insert into athlete_career_stats values (245, 255, 531, 863, 501, 700, 197, 100, 431, 658, 36, 383, 34, 632);
insert into athlete_career_stats values (246, 661, 428, 337, 332, 529, 430, 770, 320, 688, 65, 34, 58, 734);
insert into athlete_career_stats values (247, 796, 222, 994, 495, 458, 118, 365, 427, 362, 66, 315, 64, 192);
insert into athlete_career_stats values (248, 180, 319, 115, 475, 271, 665, 841, 410, 731, 60, 344, 64, 93);
insert into athlete_career_stats values (249, 733, 723, 626, 535, 89, 610, 496, 475, 87, 59, 297, 42, 31);
insert into athlete_career_stats values (250, 491, 134, 560, 542, 521, 91, 124, 200, 345, 58, 571, 28, 566);
insert into athlete_career_stats values (251, 24, 884, 406, 513, 265, 78, 297, 120, 502, 77, 199, 6, 61);
insert into athlete_career_stats values (252, 401, 936, 27, 787, 248, 381, 512, 647, 662, 28, 381, 14, 5);
insert into athlete_career_stats values (253, 196, 353, 140, 1000, 657, 863, 137, 727, 85, 96, 338, 56, 389);
insert into athlete_career_stats values (254, 661, 744, 217, 180, 129, 253, 670, 985, 55, 99, 362, 56, 643);
insert into athlete_career_stats values (255, 575, 872, 856, 832, 505, 399, 646, 773, 327, 42, 462, 19, 135);
insert into athlete_career_stats values (256, 644, 801, 486, 854, 451, 386, 544, 652, 609, 39, 123, 38, 22);
insert into athlete_career_stats values (257, 950, 620, 610, 980, 172, 353, 467, 214, 217, 81, 587, 23, 551);
insert into athlete_career_stats values (258, 469, 427, 814, 62, 537, 988, 205, 442, 314, 53, 298, 62, 100);
insert into athlete_career_stats values (259, 445, 347, 528, 783, 6, 34, 758, 39, 695, 76, 130, 32, 605);
insert into athlete_career_stats values (260, 958, 764, 997, 887, 684, 733, 364, 980, 742, 58, 17, 38, 612);
insert into athlete_career_stats values (261, 836, 96, 819, 427, 533, 845, 321, 487, 170, 30, 107, 12, 65);
insert into athlete_career_stats values (262, 580, 721, 517, 315, 606, 986, 627, 962, 386, 48, 11, 63, 436);
insert into athlete_career_stats values (263, 53, 270, 28, 310, 309, 170, 199, 827, 498, 71, 392, 29, 236);
insert into athlete_career_stats values (264, 6, 364, 662, 931, 112, 610, 769, 8, 577, 17, 448, 13, 284);
insert into athlete_career_stats values (265, 178, 250, 325, 115, 652, 152, 685, 628, 488, 88, 311, 45, 707);
insert into athlete_career_stats values (266, 758, 503, 442, 49, 149, 360, 282, 520, 91, 100, 382, 11, 156);
insert into athlete_career_stats values (267, 229, 651, 85, 690, 887, 391, 759, 83, 775, 26, 443, 16, 91);
insert into athlete_career_stats values (268, 145, 109, 899, 550, 182, 23, 650, 243, 137, 47, 13, 64, 278);
insert into athlete_career_stats values (269, 188, 710, 896, 246, 273, 749, 551, 107, 6, 33, 366, 30, 607);
insert into athlete_career_stats values (270, 895, 536, 972, 764, 952, 216, 859, 943, 530, 18, 191, 15, 430);
insert into athlete_career_stats values (271, 331, 364, 908, 686, 444, 886, 512, 583, 395, 81, 210, 30, 74);
insert into athlete_career_stats values (272, 218, 42, 998, 526, 463, 631, 230, 497, 312, 93, 559, 24, 115);
insert into athlete_career_stats values (273, 940, 20, 299, 399, 699, 987, 681, 640, 975, 21, 392, 30, 336);
insert into athlete_career_stats values (274, 805, 724, 362, 316, 272, 842, 595, 20, 573, 27, 319, 56, 273);
insert into athlete_career_stats values (275, 50, 530, 817, 454, 728, 697, 65, 328, 933, 65, 358, 44, 436);
insert into athlete_career_stats values (276, 804, 763, 115, 573, 233, 994, 666, 665, 270, 16, 124, 34, 372);
insert into athlete_career_stats values (277, 750, 324, 197, 496, 837, 580, 148, 899, 865, 64, 218, 54, 276);
insert into athlete_career_stats values (278, 17, 188, 238, 465, 527, 821, 392, 452, 132, 81, 436, 55, 524);
insert into athlete_career_stats values (279, 131, 796, 260, 950, 282, 480, 24, 785, 244, 96, 96, 49, 175);
insert into athlete_career_stats values (280, 633, 182, 158, 799, 924, 243, 860, 930, 410, 31, 358, 43, 604);
insert into athlete_career_stats values (281, 928, 711, 396, 129, 21, 124, 116, 715, 810, 92, 21, 57, 331);
insert into athlete_career_stats values (282, 303, 813, 519, 113, 903, 972, 562, 302, 817, 10, 578, 6, 557);
insert into athlete_career_stats values (283, 327, 599, 849, 973, 395, 520, 119, 88, 187, 47, 310, 64, 686);
insert into athlete_career_stats values (284, 165, 431, 411, 80, 22, 432, 71, 781, 157, 62, 238, 26, 362);
insert into athlete_career_stats values (285, 899, 219, 109, 427, 425, 886, 492, 545, 967, 51, 341, 19, 575);
insert into athlete_career_stats values (286, 992, 891, 498, 103, 741, 419, 718, 494, 779, 27, 179, 29, 200);
insert into athlete_career_stats values (287, 58, 911, 65, 849, 641, 212, 462, 981, 11, 46, 194, 44, 736);
insert into athlete_career_stats values (288, 860, 408, 279, 859, 476, 508, 341, 943, 759, 18, 375, 22, 741);
insert into athlete_career_stats values (289, 710, 573, 219, 722, 479, 944, 419, 509, 99, 52, 446, 59, 468);
insert into athlete_career_stats values (290, 351, 886, 486, 621, 824, 838, 843, 220, 275, 94, 482, 8, 737);
insert into athlete_career_stats values (291, 533, 838, 780, 667, 247, 468, 157, 189, 451, 13, 121, 30, 11);
insert into athlete_career_stats values (292, 208, 746, 448, 458, 119, 409, 160, 756, 782, 47, 314, 55, 520);
insert into athlete_career_stats values (293, 588, 151, 605, 868, 441, 121, 180, 410, 453, 21, 245, 69, 33);
insert into athlete_career_stats values (294, 817, 20, 228, 945, 813, 890, 463, 866, 230, 44, 264, 27, 137);
insert into athlete_career_stats values (295, 78, 711, 547, 15, 479, 771, 675, 177, 357, 30, 53, 64, 66);
insert into athlete_career_stats values (296, 464, 148, 474, 140, 886, 74, 267, 575, 956, 14, 167, 54, 121);
insert into athlete_career_stats values (297, 203, 495, 951, 990, 974, 484, 445, 241, 257, 79, 435, 41, 481);
insert into athlete_career_stats values (298, 508, 362, 135, 308, 101, 572, 756, 964, 122, 10, 528, 63, 575);
insert into athlete_career_stats values (299, 290, 238, 617, 622, 718, 935, 460, 555, 904, 28, 288, 51, 368);
insert into athlete_career_stats values (300, 39, 475, 124, 633, 494, 430, 31, 551, 304, 35, 38, 21, 639);
insert into athlete_career_stats values (301, 778, 20, 610, 133, 818, 858, 174, 693, 576, 59, 336, 39, 240);
insert into athlete_career_stats values (302, 989, 371, 711, 113, 585, 862, 873, 617, 216, 29, 89, 37, 115);
insert into athlete_career_stats values (303, 813, 231, 622, 680, 270, 863, 133, 746, 412, 29, 20, 65, 18);
insert into athlete_career_stats values (304, 548, 744, 957, 670, 671, 421, 137, 531, 900, 41, 51, 16, 110);
insert into athlete_career_stats values (305, 869, 22, 653, 964, 300, 39, 549, 217, 149, 57, 340, 6, 168);
insert into athlete_career_stats values (306, 337, 121, 338, 732, 882, 896, 9, 152, 786, 89, 203, 31, 555);
insert into athlete_career_stats values (307, 138, 303, 905, 495, 463, 604, 539, 768, 301, 44, 397, 17, 284);
insert into athlete_career_stats values (308, 939, 811, 244, 65, 830, 342, 832, 210, 270, 10, 63, 46, 417);
insert into athlete_career_stats values (309, 811, 904, 218, 19, 785, 962, 474, 484, 886, 9, 531, 34, 85);
insert into athlete_career_stats values (310, 406, 504, 306, 800, 881, 717, 431, 209, 624, 40, 90, 46, 321);
insert into athlete_career_stats values (311, 637, 754, 294, 223, 460, 991, 567, 105, 54, 94, 357, 9, 484);
insert into athlete_career_stats values (312, 104, 771, 777, 326, 750, 650, 179, 242, 317, 99, 589, 66, 177);
insert into athlete_career_stats values (313, 35, 842, 300, 981, 489, 866, 29, 666, 693, 100, 498, 16, 191);
insert into athlete_career_stats values (314, 877, 923, 424, 166, 307, 708, 60, 208, 432, 45, 52, 7, 42);
insert into athlete_career_stats values (315, 626, 968, 457, 448, 625, 549, 644, 573, 277, 48, 147, 10, 109);
insert into athlete_career_stats values (316, 277, 711, 929, 100, 673, 598, 113, 796, 901, 40, 299, 47, 582);
insert into athlete_career_stats values (317, 941, 391, 35, 440, 768, 737, 544, 569, 935, 92, 95, 18, 551);
insert into athlete_career_stats values (318, 287, 725, 156, 398, 378, 153, 762, 869, 142, 29, 584, 45, 378);
insert into athlete_career_stats values (319, 986, 634, 273, 318, 79, 393, 430, 211, 907, 56, 359, 35, 473);
insert into athlete_career_stats values (320, 656, 147, 991, 607, 302, 283, 661, 275, 499, 24, 274, 19, 173);
insert into athlete_career_stats values (321, 408, 120, 272, 729, 599, 184, 167, 294, 970, 50, 275, 60, 283);
insert into athlete_career_stats values (322, 831, 869, 399, 646, 530, 770, 447, 410, 225, 26, 168, 8, 184);
insert into athlete_career_stats values (323, 889, 219, 38, 228, 891, 224, 591, 277, 308, 84, 32, 60, 107);
insert into athlete_career_stats values (324, 861, 598, 781, 173, 439, 912, 811, 45, 877, 92, 310, 61, 550);
insert into athlete_career_stats values (325, 500, 335, 190, 775, 235, 189, 165, 626, 77, 19, 509, 12, 87);
insert into athlete_career_stats values (326, 980, 651, 707, 96, 46, 484, 11, 162, 106, 26, 569, 19, 512);
insert into athlete_career_stats values (327, 102, 794, 875, 927, 113, 813, 442, 348, 518, 81, 149, 57, 245);
insert into athlete_career_stats values (328, 947, 673, 797, 864, 441, 365, 765, 813, 818, 25, 504, 36, 341);
insert into athlete_career_stats values (329, 392, 949, 93, 442, 147, 121, 461, 84, 687, 47, 564, 11, 547);
insert into athlete_career_stats values (330, 709, 100, 85, 573, 385, 544, 879, 864, 847, 80, 118, 69, 494);
insert into athlete_career_stats values (331, 955, 621, 471, 503, 817, 32, 292, 58, 650, 93, 500, 22, 723);
insert into athlete_career_stats values (332, 576, 949, 866, 63, 890, 61, 612, 295, 555, 38, 64, 48, 638);
insert into athlete_career_stats values (333, 513, 567, 628, 507, 386, 886, 768, 85, 561, 92, 269, 44, 522);
insert into athlete_career_stats values (334, 902, 894, 790, 415, 840, 999, 90, 456, 458, 66, 89, 62, 34);
insert into athlete_career_stats values (335, 66, 554, 380, 350, 250, 772, 487, 254, 307, 64, 112, 44, 674);
insert into athlete_career_stats values (336, 394, 532, 868, 581, 680, 45, 479, 861, 613, 51, 23, 47, 487);
insert into athlete_career_stats values (337, 574, 428, 310, 253, 331, 768, 760, 259, 210, 29, 112, 68, 147);
insert into athlete_career_stats values (338, 122, 493, 648, 769, 504, 721, 380, 106, 48, 7, 261, 41, 283);
insert into athlete_career_stats values (339, 621, 922, 9, 515, 369, 385, 106, 386, 108, 67, 464, 17, 437);
insert into athlete_career_stats values (340, 627, 519, 369, 929, 934, 519, 414, 934, 984, 35, 111, 63, 655);
insert into athlete_career_stats values (341, 809, 381, 401, 197, 66, 982, 743, 920, 297, 18, 498, 68, 536);
insert into athlete_career_stats values (342, 773, 744, 338, 67, 918, 785, 46, 782, 981, 76, 590, 48, 243);
insert into athlete_career_stats values (343, 324, 546, 16, 240, 843, 592, 827, 67, 970, 9, 105, 12, 637);
insert into athlete_career_stats values (344, 370, 462, 550, 644, 238, 850, 821, 896, 365, 25, 262, 24, 464);
insert into athlete_career_stats values (345, 479, 188, 506, 479, 561, 389, 45, 69, 608, 31, 139, 34, 46);
insert into athlete_career_stats values (346, 475, 926, 259, 307, 33, 488, 833, 67, 201, 31, 260, 48, 434);
insert into athlete_career_stats values (347, 865, 61, 485, 292, 598, 537, 99, 545, 573, 45, 9, 45, 608);
insert into athlete_career_stats values (348, 753, 63, 227, 604, 128, 629, 757, 29, 726, 56, 446, 45, 428);
insert into athlete_career_stats values (349, 14, 133, 598, 726, 60, 259, 409, 479, 591, 47, 497, 26, 573);
insert into athlete_career_stats values (350, 554, 862, 228, 307, 738, 565, 272, 506, 828, 100, 151, 59, 721);
insert into athlete_career_stats values (351, 282, 775, 245, 819, 998, 851, 636, 175, 419, 53, 420, 55, 426);
insert into athlete_career_stats values (352, 833, 738, 297, 918, 462, 500, 306, 852, 9, 11, 560, 63, 530);
insert into athlete_career_stats values (353, 780, 803, 942, 142, 433, 373, 573, 452, 174, 81, 421, 44, 525);
insert into athlete_career_stats values (354, 400, 313, 338, 530, 735, 408, 726, 356, 248, 49, 365, 41, 540);
insert into athlete_career_stats values (355, 367, 870, 696, 160, 5, 228, 318, 808, 83, 32, 201, 35, 696);
insert into athlete_career_stats values (356, 570, 934, 900, 232, 393, 557, 888, 660, 53, 83, 496, 29, 325);
insert into athlete_career_stats values (357, 599, 771, 554, 323, 890, 964, 468, 935, 185, 13, 266, 23, 742);
insert into athlete_career_stats values (358, 77, 331, 788, 313, 134, 480, 243, 886, 287, 18, 47, 53, 566);
insert into athlete_career_stats values (359, 448, 249, 525, 515, 871, 960, 439, 647, 504, 47, 413, 47, 18);
insert into athlete_career_stats values (360, 325, 485, 214, 146, 419, 339, 461, 614, 148, 36, 345, 40, 516);
insert into athlete_career_stats values (361, 665, 348, 391, 394, 532, 240, 794, 736, 870, 40, 86, 28, 401);
insert into athlete_career_stats values (362, 379, 224, 384, 172, 574, 412, 396, 653, 309, 7, 515, 63, 220);
insert into athlete_career_stats values (363, 441, 903, 259, 748, 99, 939, 468, 234, 274, 25, 85, 20, 566);
insert into athlete_career_stats values (364, 563, 363, 423, 887, 716, 203, 719, 712, 110, 86, 357, 66, 333);
insert into athlete_career_stats values (365, 543, 861, 934, 329, 198, 226, 224, 424, 457, 48, 163, 37, 584);
insert into athlete_career_stats values (366, 655, 59, 798, 809, 967, 988, 88, 892, 950, 61, 400, 25, 325);
insert into athlete_career_stats values (367, 381, 411, 128, 95, 433, 986, 297, 631, 585, 98, 148, 25, 473);
insert into athlete_career_stats values (368, 354, 88, 652, 846, 385, 663, 111, 261, 627, 79, 40, 28, 206);
insert into athlete_career_stats values (369, 366, 487, 578, 18, 443, 375, 577, 237, 951, 6, 70, 64, 603);
insert into athlete_career_stats values (370, 454, 582, 75, 154, 238, 706, 643, 67, 796, 55, 49, 37, 98);
insert into athlete_career_stats values (371, 196, 305, 927, 972, 882, 245, 449, 14, 917, 33, 494, 49, 431);
insert into athlete_career_stats values (372, 31, 143, 555, 78, 618, 981, 663, 828, 949, 60, 342, 63, 146);
insert into athlete_career_stats values (373, 9, 701, 253, 242, 572, 334, 850, 896, 783, 39, 370, 26, 430);
insert into athlete_career_stats values (374, 20, 163, 907, 551, 290, 418, 308, 855, 482, 63, 330, 68, 477);
insert into athlete_career_stats values (375, 641, 614, 673, 186, 959, 479, 63, 884, 168, 68, 333, 35, 14);
insert into athlete_career_stats values (376, 474, 770, 38, 989, 856, 491, 286, 226, 806, 16, 382, 51, 420);
insert into athlete_career_stats values (377, 925, 783, 668, 921, 828, 682, 584, 860, 157, 58, 529, 23, 10);
insert into athlete_career_stats values (378, 562, 804, 840, 969, 498, 385, 813, 562, 405, 19, 62, 25, 228);
insert into athlete_career_stats values (379, 468, 606, 868, 496, 740, 501, 884, 653, 65, 14, 17, 16, 359);
insert into athlete_career_stats values (380, 110, 429, 916, 327, 910, 148, 568, 565, 515, 62, 299, 5, 403);
insert into athlete_career_stats values (381, 738, 730, 25, 800, 50, 839, 70, 64, 57, 15, 152, 23, 728);
insert into athlete_career_stats values (382, 387, 422, 306, 90, 498, 371, 473, 491, 932, 66, 177, 5, 379);
insert into athlete_career_stats values (383, 312, 282, 725, 577, 364, 533, 372, 613, 153, 12, 216, 62, 719);
insert into athlete_career_stats values (384, 179, 907, 200, 161, 669, 732, 81, 469, 830, 10, 323, 31, 230);
insert into athlete_career_stats values (385, 853, 507, 260, 222, 463, 978, 190, 268, 324, 12, 566, 27, 199);
insert into athlete_career_stats values (386, 308, 946, 874, 414, 619, 728, 857, 588, 607, 75, 242, 50, 87);
insert into athlete_career_stats values (387, 978, 61, 298, 96, 727, 977, 306, 346, 814, 29, 423, 36, 736);
insert into athlete_career_stats values (388, 668, 641, 73, 672, 42, 165, 779, 620, 941, 51, 74, 43, 129);
insert into athlete_career_stats values (389, 216, 1000, 877, 365, 746, 97, 35, 72, 499, 21, 423, 51, 284);
insert into athlete_career_stats values (390, 612, 547, 737, 489, 371, 279, 183, 286, 31, 33, 19, 32, 597);
insert into athlete_career_stats values (391, 198, 176, 751, 853, 525, 621, 445, 859, 328, 41, 538, 56, 734);
insert into athlete_career_stats values (392, 661, 632, 243, 458, 888, 48, 212, 222, 212, 60, 7, 57, 303);
insert into athlete_career_stats values (393, 900, 141, 401, 277, 133, 78, 194, 628, 675, 58, 598, 52, 158);
insert into athlete_career_stats values (394, 342, 895, 528, 611, 856, 56, 316, 946, 805, 45, 458, 32, 410);
insert into athlete_career_stats values (395, 832, 491, 262, 327, 936, 443, 19, 928, 104, 61, 276, 26, 70);
insert into athlete_career_stats values (396, 260, 377, 983, 716, 586, 218, 539, 776, 922, 57, 6, 47, 707);
insert into athlete_career_stats values (397, 528, 768, 555, 707, 336, 854, 162, 150, 65, 8, 26, 64, 706);
insert into athlete_career_stats values (398, 652, 105, 572, 851, 809, 231, 394, 370, 940, 11, 516, 53, 524);
insert into athlete_career_stats values (399, 904, 874, 336, 933, 331, 822, 62, 264, 50, 88, 120, 39, 464);
insert into athlete_career_stats values (400, 386, 951, 147, 754, 343, 469, 229, 511, 591, 82, 293, 36, 69);
insert into athlete_career_stats values (401, 635, 82, 757, 565, 606, 416, 10, 137, 116, 93, 207, 48, 298);
insert into athlete_career_stats values (402, 248, 62, 283, 737, 491, 521, 75, 774, 581, 87, 468, 48, 465);
insert into athlete_career_stats values (403, 907, 630, 382, 14, 74, 363, 550, 13, 998, 64, 62, 53, 723);
insert into athlete_career_stats values (404, 591, 105, 338, 176, 150, 496, 576, 321, 691, 19, 31, 53, 117);
insert into athlete_career_stats values (405, 14, 100, 875, 67, 884, 18, 732, 879, 159, 91, 358, 16, 376);
insert into athlete_career_stats values (406, 230, 547, 967, 327, 149, 234, 495, 304, 355, 75, 443, 61, 114);
insert into athlete_career_stats values (407, 482, 331, 809, 810, 516, 198, 97, 865, 896, 53, 459, 29, 73);
insert into athlete_career_stats values (408, 95, 786, 588, 964, 992, 827, 217, 327, 371, 75, 34, 29, 407);
insert into athlete_career_stats values (409, 100, 180, 771, 459, 933, 114, 170, 789, 580, 16, 239, 52, 312);
insert into athlete_career_stats values (410, 576, 177, 22, 447, 471, 55, 92, 163, 103, 8, 584, 66, 441);
insert into athlete_career_stats values (411, 95, 779, 12, 959, 369, 636, 813, 231, 151, 49, 591, 29, 421);
insert into athlete_career_stats values (412, 146, 727, 846, 347, 66, 213, 863, 5, 856, 30, 364, 27, 300);
insert into athlete_career_stats values (413, 333, 131, 208, 517, 135, 316, 333, 265, 282, 98, 59, 54, 285);
insert into athlete_career_stats values (414, 736, 737, 546, 499, 713, 293, 529, 605, 179, 71, 92, 38, 711);
insert into athlete_career_stats values (415, 632, 557, 766, 775, 207, 925, 679, 294, 837, 54, 520, 30, 680);
insert into athlete_career_stats values (416, 75, 8, 278, 306, 131, 969, 801, 165, 910, 67, 579, 10, 718);
insert into athlete_career_stats values (417, 847, 852, 817, 806, 619, 205, 290, 321, 174, 6, 458, 27, 106);
insert into athlete_career_stats values (418, 299, 700, 25, 819, 31, 829, 300, 484, 601, 6, 159, 15, 345);
insert into athlete_career_stats values (419, 289, 254, 405, 923, 319, 238, 466, 354, 658, 71, 154, 16, 149);
insert into athlete_career_stats values (420, 852, 604, 291, 241, 418, 928, 266, 64, 133, 51, 509, 33, 19);
insert into athlete_career_stats values (421, 121, 509, 20, 805, 619, 17, 428, 990, 442, 55, 15, 36, 205);
insert into athlete_career_stats values (422, 295, 704, 858, 994, 84, 26, 445, 474, 48, 39, 468, 28, 39);
insert into athlete_career_stats values (423, 476, 586, 591, 756, 964, 458, 172, 992, 165, 36, 168, 66, 666);
insert into athlete_career_stats values (424, 66, 665, 838, 355, 724, 808, 106, 374, 360, 79, 548, 67, 520);
insert into athlete_career_stats values (425, 635, 577, 158, 886, 827, 732, 581, 884, 298, 40, 141, 49, 610);
insert into athlete_career_stats values (426, 492, 368, 78, 75, 783, 451, 716, 543, 853, 56, 558, 55, 680);
insert into athlete_career_stats values (427, 641, 518, 13, 177, 590, 448, 10, 673, 73, 84, 565, 17, 216);
insert into athlete_career_stats values (428, 329, 233, 966, 677, 544, 450, 879, 243, 612, 6, 438, 45, 420);
insert into athlete_career_stats values (429, 968, 10, 917, 116, 799, 245, 324, 388, 376, 85, 510, 66, 462);
insert into athlete_career_stats values (430, 166, 579, 671, 256, 398, 510, 840, 917, 530, 85, 505, 27, 608);
insert into athlete_career_stats values (431, 252, 710, 507, 913, 218, 284, 325, 39, 539, 76, 119, 69, 610);
insert into athlete_career_stats values (432, 254, 872, 368, 853, 968, 636, 340, 362, 906, 26, 407, 57, 105);
insert into athlete_career_stats values (433, 905, 633, 580, 343, 980, 894, 871, 890, 738, 71, 87, 15, 571);
insert into athlete_career_stats values (434, 122, 397, 572, 143, 295, 29, 734, 387, 508, 31, 585, 45, 280);
insert into athlete_career_stats values (435, 685, 205, 120, 192, 55, 166, 61, 852, 736, 39, 352, 65, 190);
insert into athlete_career_stats values (436, 847, 909, 133, 846, 6, 959, 86, 409, 831, 19, 17, 61, 44);
insert into athlete_career_stats values (437, 704, 277, 989, 317, 427, 370, 638, 762, 966, 26, 577, 67, 494);
insert into athlete_career_stats values (438, 867, 698, 143, 559, 598, 236, 480, 715, 483, 39, 499, 65, 151);
insert into athlete_career_stats values (439, 285, 556, 553, 671, 666, 323, 610, 994, 688, 52, 382, 52, 269);
insert into athlete_career_stats values (440, 280, 945, 784, 198, 900, 765, 532, 845, 653, 16, 124, 7, 502);
insert into athlete_career_stats values (441, 529, 983, 535, 841, 399, 967, 703, 511, 223, 53, 131, 55, 127);
insert into athlete_career_stats values (442, 631, 430, 56, 871, 703, 85, 526, 381, 591, 91, 191, 53, 453);
insert into athlete_career_stats values (443, 337, 907, 411, 842, 81, 27, 564, 718, 401, 14, 114, 57, 298);
insert into athlete_career_stats values (444, 246, 602, 887, 394, 596, 422, 92, 917, 787, 83, 548, 51, 353);
insert into athlete_career_stats values (445, 892, 788, 274, 927, 585, 953, 522, 202, 264, 40, 216, 39, 201);
insert into athlete_career_stats values (446, 263, 363, 558, 481, 133, 480, 338, 439, 517, 74, 598, 8, 296);
insert into athlete_career_stats values (447, 413, 669, 777, 200, 423, 993, 688, 96, 726, 39, 220, 18, 650);
insert into athlete_career_stats values (448, 379, 25, 702, 694, 971, 17, 69, 914, 233, 20, 238, 48, 323);
insert into athlete_career_stats values (449, 181, 535, 942, 450, 435, 438, 250, 507, 609, 13, 186, 43, 64);
insert into athlete_career_stats values (450, 14, 734, 589, 899, 346, 628, 842, 406, 762, 44, 348, 15, 662);
insert into athlete_career_stats values (451, 941, 950, 879, 830, 935, 555, 450, 107, 525, 44, 337, 11, 158);
insert into athlete_career_stats values (452, 366, 246, 165, 104, 454, 913, 363, 243, 66, 98, 84, 17, 703);
insert into athlete_career_stats values (453, 208, 638, 774, 761, 386, 616, 419, 108, 189, 48, 107, 10, 206);
insert into athlete_career_stats values (454, 40, 270, 452, 932, 952, 149, 342, 297, 677, 82, 376, 49, 616);
insert into athlete_career_stats values (455, 714, 373, 149, 223, 203, 635, 604, 30, 800, 88, 403, 55, 164);
insert into athlete_career_stats values (456, 846, 14, 973, 525, 116, 634, 634, 576, 380, 68, 260, 29, 154);
insert into athlete_career_stats values (457, 168, 536, 800, 994, 725, 450, 95, 214, 696, 21, 6, 60, 439);
insert into athlete_career_stats values (458, 414, 842, 73, 286, 294, 796, 666, 720, 154, 23, 356, 6, 584);
insert into athlete_career_stats values (459, 869, 572, 659, 856, 241, 205, 81, 64, 133, 29, 284, 14, 690);
insert into athlete_career_stats values (460, 206, 95, 541, 364, 775, 895, 675, 164, 494, 64, 155, 36, 346);
insert into athlete_career_stats values (461, 366, 338, 308, 343, 255, 117, 246, 819, 680, 82, 590, 37, 683);
insert into athlete_career_stats values (462, 68, 408, 978, 427, 982, 369, 349, 759, 90, 27, 100, 20, 514);
insert into athlete_career_stats values (463, 336, 441, 740, 559, 578, 986, 223, 56, 444, 99, 498, 21, 392);
insert into athlete_career_stats values (464, 303, 18, 435, 189, 321, 152, 189, 913, 31, 99, 463, 40, 534);
insert into athlete_career_stats values (465, 260, 695, 171, 548, 367, 210, 404, 456, 935, 31, 394, 56, 720);
insert into athlete_career_stats values (466, 275, 32, 380, 95, 601, 766, 734, 229, 264, 64, 322, 67, 684);
insert into athlete_career_stats values (467, 502, 554, 843, 374, 498, 940, 81, 656, 781, 35, 188, 69, 36);
insert into athlete_career_stats values (468, 27, 263, 72, 860, 87, 597, 402, 744, 209, 10, 453, 59, 687);
insert into athlete_career_stats values (469, 977, 931, 16, 351, 791, 192, 510, 163, 997, 88, 344, 33, 385);
insert into athlete_career_stats values (470, 932, 832, 744, 639, 318, 459, 172, 967, 892, 24, 394, 66, 322);
insert into athlete_career_stats values (471, 361, 755, 889, 222, 740, 808, 705, 682, 153, 25, 375, 41, 493);
insert into athlete_career_stats values (472, 146, 848, 716, 73, 665, 299, 428, 132, 692, 51, 294, 46, 698);
insert into athlete_career_stats values (473, 282, 726, 977, 867, 670, 358, 358, 480, 119, 89, 597, 43, 136);
insert into athlete_career_stats values (474, 95, 983, 525, 463, 46, 576, 521, 113, 806, 92, 517, 43, 532);
insert into athlete_career_stats values (475, 622, 617, 817, 119, 769, 424, 188, 539, 437, 62, 156, 15, 640);
insert into athlete_career_stats values (476, 522, 934, 885, 350, 526, 718, 580, 484, 335, 78, 61, 22, 538);
insert into athlete_career_stats values (477, 842, 347, 983, 597, 82, 716, 168, 871, 493, 12, 482, 11, 484);
insert into athlete_career_stats values (478, 410, 7, 614, 59, 660, 113, 363, 930, 305, 37, 47, 52, 420);
insert into athlete_career_stats values (479, 437, 836, 846, 997, 803, 251, 706, 770, 19, 34, 310, 5, 142);
insert into athlete_career_stats values (480, 564, 584, 541, 923, 305, 775, 9, 485, 155, 72, 495, 61, 150);
insert into athlete_career_stats values (481, 411, 456, 255, 468, 63, 776, 291, 762, 306, 37, 220, 63, 564);
insert into athlete_career_stats values (482, 540, 478, 786, 32, 432, 80, 361, 875, 681, 77, 463, 48, 707);
insert into athlete_career_stats values (483, 478, 213, 87, 382, 159, 782, 503, 865, 845, 8, 124, 62, 278);
insert into athlete_career_stats values (484, 848, 19, 835, 676, 196, 39, 410, 994, 785, 36, 218, 38, 666);
insert into athlete_career_stats values (485, 158, 979, 954, 119, 634, 798, 479, 994, 13, 55, 33, 60, 189);
insert into athlete_career_stats values (486, 482, 847, 888, 562, 550, 886, 820, 190, 383, 70, 458, 45, 65);
insert into athlete_career_stats values (487, 10, 519, 312, 321, 46, 82, 473, 344, 415, 16, 91, 28, 392);
insert into athlete_career_stats values (488, 515, 518, 408, 556, 415, 288, 783, 487, 412, 54, 11, 49, 385);
insert into athlete_career_stats values (489, 6, 904, 979, 116, 812, 970, 289, 246, 989, 60, 356, 21, 452);
insert into athlete_career_stats values (490, 141, 117, 448, 634, 654, 920, 681, 681, 985, 83, 412, 67, 570);
insert into athlete_career_stats values (491, 164, 616, 133, 241, 459, 598, 633, 875, 406, 7, 156, 34, 13);
insert into athlete_career_stats values (492, 121, 371, 489, 728, 926, 194, 411, 323, 350, 88, 24, 62, 591);
insert into athlete_career_stats values (493, 718, 272, 418, 674, 152, 159, 347, 993, 823, 91, 235, 63, 477);
insert into athlete_career_stats values (494, 205, 33, 65, 140, 318, 760, 229, 40, 583, 42, 579, 14, 259);
insert into athlete_career_stats values (495, 169, 412, 937, 291, 66, 62, 773, 5, 940, 84, 50, 40, 638);
insert into athlete_career_stats values (496, 366, 723, 925, 563, 644, 307, 46, 377, 224, 28, 358, 13, 89);
insert into athlete_career_stats values (497, 734, 669, 316, 83, 995, 310, 217, 52, 322, 52, 466, 69, 405);
insert into athlete_career_stats values (498, 617, 276, 204, 901, 949, 57, 392, 906, 763, 5, 180, 12, 372);
insert into athlete_career_stats values (499, 302, 40, 977, 886, 574, 444, 632, 120, 519, 31, 246, 12, 628);
insert into athlete_career_stats values (500, 617, 419, 872, 854, 718, 342, 64, 192, 73, 58, 487, 21, 276);
insert into athlete_career_stats values (501, 449, 823, 133, 966, 713, 79, 614, 800, 629, 67, 175, 50, 256);
insert into athlete_career_stats values (502, 654, 177, 122, 843, 445, 468, 74, 351, 375, 73, 91, 55, 419);
insert into athlete_career_stats values (503, 929, 318, 534, 980, 311, 83, 737, 933, 500, 85, 253, 34, 20);
insert into athlete_career_stats values (504, 1000, 186, 810, 363, 449, 185, 581, 342, 520, 26, 342, 48, 587);
insert into athlete_career_stats values (505, 155, 489, 788, 780, 341, 168, 20, 489, 821, 24, 358, 49, 714);
insert into athlete_career_stats values (506, 533, 289, 878, 666, 972, 47, 102, 581, 310, 100, 214, 63, 364);
insert into athlete_career_stats values (507, 651, 662, 678, 611, 52, 666, 869, 458, 72, 50, 286, 26, 103);
insert into athlete_career_stats values (508, 137, 673, 34, 908, 830, 865, 220, 50, 36, 99, 548, 13, 193);
insert into athlete_career_stats values (509, 869, 37, 550, 211, 591, 968, 763, 323, 571, 10, 549, 12, 243);
insert into athlete_career_stats values (510, 427, 498, 647, 709, 393, 603, 828, 714, 36, 17, 300, 50, 619);
insert into athlete_career_stats values (511, 545, 973, 923, 599, 451, 260, 114, 714, 18, 19, 31, 53, 128);
insert into athlete_career_stats values (512, 678, 371, 599, 429, 921, 439, 168, 155, 879, 64, 179, 32, 625);
insert into athlete_career_stats values (513, 585, 26, 18, 168, 107, 598, 239, 158, 34, 82, 99, 46, 528);
insert into athlete_career_stats values (514, 966, 814, 800, 13, 836, 816, 40, 159, 831, 81, 209, 30, 361);
insert into athlete_career_stats values (515, 574, 673, 819, 385, 560, 698, 21, 476, 891, 63, 511, 38, 634);
insert into athlete_career_stats values (516, 718, 795, 759, 155, 300, 254, 536, 756, 190, 59, 385, 52, 708);
insert into athlete_career_stats values (517, 773, 50, 526, 216, 161, 215, 110, 921, 705, 51, 38, 35, 540);
insert into athlete_career_stats values (518, 465, 802, 326, 484, 457, 148, 367, 215, 109, 8, 67, 38, 259);
insert into athlete_career_stats values (519, 889, 487, 816, 488, 484, 728, 238, 546, 490, 85, 98, 57, 150);
insert into athlete_career_stats values (520, 352, 244, 490, 341, 772, 363, 732, 700, 622, 40, 498, 5, 431);
insert into athlete_career_stats values (521, 96, 337, 97, 356, 456, 492, 270, 122, 307, 60, 85, 45, 543);
insert into athlete_career_stats values (522, 927, 685, 32, 558, 881, 391, 476, 69, 336, 59, 133, 20, 426);
insert into athlete_career_stats values (523, 10, 513, 496, 268, 288, 340, 225, 803, 593, 59, 225, 18, 76);
insert into athlete_career_stats values (524, 469, 228, 833, 235, 729, 884, 551, 703, 251, 56, 507, 35, 11);
insert into athlete_career_stats values (525, 806, 925, 888, 387, 286, 237, 550, 224, 152, 47, 6, 56, 455);
insert into athlete_career_stats values (526, 728, 267, 525, 239, 777, 410, 184, 81, 221, 37, 424, 35, 498);
insert into athlete_career_stats values (527, 941, 434, 544, 606, 312, 574, 657, 862, 976, 13, 122, 36, 713);
insert into athlete_career_stats values (528, 555, 131, 296, 944, 346, 320, 600, 192, 184, 92, 532, 19, 314);
insert into athlete_career_stats values (529, 674, 515, 208, 406, 554, 150, 675, 725, 854, 86, 434, 50, 491);
insert into athlete_career_stats values (530, 961, 464, 690, 792, 754, 213, 427, 682, 498, 28, 523, 41, 513);
insert into athlete_career_stats values (531, 816, 199, 420, 676, 143, 857, 553, 424, 790, 50, 395, 24, 480);
insert into athlete_career_stats values (532, 464, 569, 392, 40, 108, 66, 249, 305, 563, 97, 181, 28, 324);
insert into athlete_career_stats values (533, 738, 567, 270, 500, 347, 371, 122, 969, 808, 28, 449, 25, 495);
insert into athlete_career_stats values (534, 350, 779, 14, 459, 554, 970, 826, 283, 975, 46, 81, 26, 294);
insert into athlete_career_stats values (535, 977, 257, 840, 393, 47, 62, 542, 556, 127, 59, 202, 11, 709);
insert into athlete_career_stats values (536, 26, 613, 716, 411, 456, 432, 695, 483, 39, 67, 339, 31, 689);
insert into athlete_career_stats values (537, 221, 554, 961, 90, 688, 994, 887, 433, 495, 55, 70, 65, 535);
insert into athlete_career_stats values (538, 227, 227, 733, 815, 766, 835, 852, 556, 452, 53, 465, 66, 245);
insert into athlete_career_stats values (539, 413, 721, 965, 337, 648, 27, 222, 376, 163, 21, 584, 15, 399);
insert into athlete_career_stats values (540, 845, 962, 902, 277, 282, 129, 184, 329, 923, 60, 336, 29, 378);
insert into athlete_career_stats values (541, 398, 663, 760, 844, 593, 659, 498, 143, 184, 59, 208, 38, 724);
insert into athlete_career_stats values (542, 259, 251, 163, 259, 834, 32, 680, 408, 293, 17, 384, 6, 30);
insert into athlete_career_stats values (543, 628, 835, 659, 426, 626, 715, 187, 649, 30, 25, 576, 56, 467);
insert into athlete_career_stats values (544, 514, 996, 1000, 208, 877, 891, 186, 183, 702, 15, 240, 6, 355);
insert into athlete_career_stats values (545, 681, 862, 458, 927, 870, 156, 301, 666, 82, 75, 130, 10, 280);
insert into athlete_career_stats values (546, 433, 102, 876, 71, 976, 370, 389, 462, 673, 64, 331, 37, 138);
insert into athlete_career_stats values (547, 639, 876, 768, 929, 957, 885, 565, 220, 291, 70, 110, 37, 146);
insert into athlete_career_stats values (548, 459, 509, 59, 890, 682, 373, 727, 465, 135, 86, 408, 62, 277);
insert into athlete_career_stats values (549, 457, 485, 177, 872, 744, 59, 6, 602, 176, 42, 287, 44, 739);
insert into athlete_career_stats values (550, 876, 294, 164, 443, 463, 973, 710, 252, 931, 7, 336, 13, 302);
insert into athlete_career_stats values (551, 45, 713, 442, 910, 717, 357, 277, 686, 316, 10, 597, 26, 686);
insert into athlete_career_stats values (552, 621, 457, 992, 907, 398, 638, 695, 228, 399, 42, 492, 45, 57);
insert into athlete_career_stats values (553, 903, 733, 989, 248, 692, 100, 672, 859, 453, 37, 465, 26, 69);
insert into athlete_career_stats values (554, 235, 762, 775, 286, 230, 354, 239, 876, 919, 85, 175, 26, 558);
insert into athlete_career_stats values (555, 701, 287, 163, 85, 306, 391, 768, 247, 381, 25, 90, 65, 211);
insert into athlete_career_stats values (556, 67, 62, 776, 787, 136, 523, 301, 926, 607, 65, 545, 9, 433);
insert into athlete_career_stats values (557, 504, 282, 212, 614, 855, 763, 469, 719, 205, 62, 431, 22, 713);
insert into athlete_career_stats values (558, 148, 972, 555, 182, 488, 78, 101, 892, 78, 46, 524, 53, 281);
insert into athlete_career_stats values (559, 457, 145, 428, 279, 303, 563, 483, 676, 542, 71, 399, 23, 598);
insert into athlete_career_stats values (560, 28, 983, 653, 317, 253, 508, 883, 909, 269, 27, 521, 23, 461);
insert into athlete_career_stats values (561, 353, 409, 488, 714, 928, 480, 236, 323, 223, 35, 534, 64, 468);
insert into athlete_career_stats values (562, 746, 935, 729, 365, 444, 961, 606, 87, 554, 45, 149, 68, 442);
insert into athlete_career_stats values (563, 430, 354, 408, 619, 29, 751, 855, 572, 12, 13, 495, 40, 345);
insert into athlete_career_stats values (564, 150, 537, 960, 408, 393, 794, 363, 324, 859, 6, 542, 51, 715);
insert into athlete_career_stats values (565, 451, 829, 467, 276, 983, 507, 701, 665, 801, 34, 5, 34, 541);
insert into athlete_career_stats values (566, 884, 868, 668, 499, 688, 601, 108, 890, 694, 45, 73, 21, 526);
insert into athlete_career_stats values (567, 472, 984, 167, 976, 692, 202, 73, 676, 608, 64, 570, 64, 739);
insert into athlete_career_stats values (568, 288, 920, 798, 549, 360, 193, 481, 528, 814, 26, 218, 39, 83);
insert into athlete_career_stats values (569, 695, 136, 851, 441, 625, 21, 690, 642, 457, 5, 17, 52, 408);
insert into athlete_career_stats values (570, 82, 639, 116, 265, 672, 415, 737, 567, 183, 81, 52, 47, 366);
insert into athlete_career_stats values (571, 167, 75, 913, 123, 338, 24, 126, 162, 628, 100, 375, 39, 254);
insert into athlete_career_stats values (572, 244, 630, 832, 578, 346, 5, 740, 898, 826, 47, 528, 21, 515);
insert into athlete_career_stats values (573, 590, 274, 487, 903, 111, 914, 391, 831, 494, 48, 5, 62, 162);
insert into athlete_career_stats values (574, 988, 21, 155, 184, 252, 770, 694, 7, 463, 56, 316, 7, 144);
insert into athlete_career_stats values (575, 96, 398, 55, 537, 771, 91, 299, 201, 180, 80, 263, 59, 389);
insert into athlete_career_stats values (576, 500, 546, 650, 656, 831, 435, 568, 98, 925, 37, 214, 42, 674);
insert into athlete_career_stats values (577, 545, 208, 531, 912, 195, 316, 519, 496, 183, 31, 352, 14, 401);
insert into athlete_career_stats values (578, 782, 645, 623, 710, 254, 156, 579, 101, 758, 52, 462, 59, 194);
insert into athlete_career_stats values (579, 403, 758, 968, 868, 656, 27, 395, 7, 182, 80, 83, 48, 98);
insert into athlete_career_stats values (580, 670, 135, 653, 170, 338, 425, 440, 711, 654, 53, 305, 47, 630);
insert into athlete_career_stats values (581, 399, 614, 737, 84, 635, 820, 148, 370, 201, 33, 100, 63, 526);
insert into athlete_career_stats values (582, 767, 241, 663, 397, 268, 64, 55, 119, 493, 58, 315, 66, 159);
insert into athlete_career_stats values (583, 932, 487, 416, 632, 99, 696, 307, 740, 947, 91, 527, 29, 102);
insert into athlete_career_stats values (584, 858, 916, 166, 548, 837, 69, 390, 772, 698, 19, 55, 65, 514);
insert into athlete_career_stats values (585, 259, 603, 515, 646, 461, 819, 141, 51, 557, 77, 531, 59, 254);
insert into athlete_career_stats values (586, 336, 903, 978, 411, 907, 311, 215, 145, 962, 94, 47, 9, 499);
insert into athlete_career_stats values (587, 286, 292, 952, 68, 313, 215, 860, 825, 878, 85, 48, 51, 458);
insert into athlete_career_stats values (588, 186, 590, 417, 11, 822, 854, 22, 301, 681, 65, 514, 34, 461);
insert into athlete_career_stats values (589, 687, 771, 318, 332, 522, 728, 587, 999, 286, 17, 180, 15, 708);
insert into athlete_career_stats values (590, 260, 881, 288, 256, 372, 369, 535, 417, 925, 74, 178, 43, 649);
insert into athlete_career_stats values (591, 392, 522, 429, 762, 727, 129, 460, 669, 558, 43, 523, 53, 421);
insert into athlete_career_stats values (592, 352, 127, 19, 903, 630, 468, 571, 188, 43, 14, 492, 31, 43);
insert into athlete_career_stats values (593, 145, 864, 96, 12, 105, 530, 800, 533, 102, 5, 206, 42, 313);
insert into athlete_career_stats values (594, 422, 242, 816, 182, 894, 817, 272, 321, 291, 65, 440, 26, 655);
insert into athlete_career_stats values (595, 652, 285, 332, 970, 745, 680, 242, 707, 54, 61, 321, 32, 140);
insert into athlete_career_stats values (596, 228, 831, 651, 723, 613, 657, 418, 694, 430, 27, 405, 64, 107);
insert into athlete_career_stats values (597, 49, 242, 691, 951, 869, 930, 166, 610, 230, 38, 151, 43, 199);
insert into athlete_career_stats values (598, 197, 299, 827, 679, 853, 56, 830, 734, 123, 99, 48, 63, 366);
insert into athlete_career_stats values (599, 448, 493, 701, 94, 489, 579, 598, 249, 185, 39, 391, 68, 344);
insert into athlete_career_stats values (600, 933, 615, 655, 27, 106, 105, 852, 652, 666, 6, 376, 61, 262);
insert into athlete_career_stats values (601, 656, 834, 227, 300, 830, 949, 360, 623, 936, 31, 193, 67, 34);
insert into athlete_career_stats values (602, 813, 757, 83, 691, 984, 49, 488, 705, 26, 29, 178, 45, 575);
insert into athlete_career_stats values (603, 105, 720, 558, 583, 552, 169, 762, 536, 723, 46, 507, 53, 679);
insert into athlete_career_stats values (604, 751, 393, 106, 688, 302, 870, 540, 413, 978, 26, 143, 44, 118);
insert into athlete_career_stats values (605, 956, 567, 302, 212, 459, 966, 71, 385, 784, 8, 36, 20, 572);
insert into athlete_career_stats values (606, 625, 837, 47, 521, 489, 279, 177, 742, 402, 14, 51, 21, 341);
insert into athlete_career_stats values (607, 117, 111, 491, 781, 768, 118, 841, 301, 607, 31, 369, 50, 616);
insert into athlete_career_stats values (608, 860, 426, 656, 783, 30, 518, 161, 469, 81, 21, 389, 68, 673);
insert into athlete_career_stats values (609, 384, 453, 842, 650, 622, 100, 257, 141, 987, 18, 242, 21, 314);
insert into athlete_career_stats values (610, 689, 860, 22, 606, 103, 275, 534, 792, 145, 64, 243, 67, 184);
insert into athlete_career_stats values (611, 190, 847, 522, 758, 24, 930, 624, 564, 196, 51, 149, 29, 549);
insert into athlete_career_stats values (612, 966, 837, 32, 526, 296, 411, 25, 829, 121, 46, 16, 6, 435);
insert into athlete_career_stats values (613, 627, 460, 695, 803, 198, 822, 488, 824, 175, 73, 353, 22, 327);
insert into athlete_career_stats values (614, 46, 940, 695, 995, 644, 670, 150, 146, 765, 75, 401, 62, 596);
insert into athlete_career_stats values (615, 875, 764, 894, 604, 364, 895, 804, 227, 804, 34, 133, 44, 701);
insert into athlete_career_stats values (616, 755, 878, 392, 415, 107, 117, 766, 473, 135, 18, 378, 69, 521);
insert into athlete_career_stats values (617, 538, 490, 632, 22, 131, 190, 656, 321, 649, 31, 108, 23, 457);
insert into athlete_career_stats values (618, 745, 263, 648, 348, 785, 365, 824, 131, 607, 22, 206, 12, 45);
insert into athlete_career_stats values (619, 793, 327, 648, 567, 860, 109, 348, 386, 486, 54, 459, 13, 495);
insert into athlete_career_stats values (620, 59, 719, 376, 13, 784, 792, 52, 718, 922, 46, 264, 8, 604);
insert into athlete_career_stats values (621, 49, 376, 234, 833, 851, 69, 806, 184, 876, 93, 571, 26, 265);
insert into athlete_career_stats values (622, 450, 917, 913, 125, 111, 315, 774, 405, 41, 88, 136, 11, 545);
insert into athlete_career_stats values (623, 960, 612, 996, 197, 393, 82, 167, 75, 397, 18, 151, 18, 458);
insert into athlete_career_stats values (624, 868, 124, 148, 177, 206, 253, 745, 647, 68, 67, 289, 38, 589);
insert into athlete_career_stats values (625, 853, 734, 830, 539, 34, 34, 230, 543, 610, 67, 6, 67, 294);
insert into athlete_career_stats values (626, 600, 748, 669, 74, 305, 22, 276, 743, 250, 18, 473, 48, 549);
insert into athlete_career_stats values (627, 225, 356, 731, 705, 43, 434, 97, 871, 49, 15, 177, 35, 470);
insert into athlete_career_stats values (628, 639, 356, 915, 796, 836, 56, 223, 162, 518, 76, 508, 50, 358);
insert into athlete_career_stats values (629, 580, 827, 62, 303, 589, 59, 367, 173, 530, 21, 290, 63, 507);
insert into athlete_career_stats values (630, 728, 998, 470, 495, 175, 535, 292, 378, 45, 81, 457, 27, 474);
insert into athlete_career_stats values (631, 792, 585, 782, 366, 767, 276, 853, 171, 563, 83, 189, 32, 133);
insert into athlete_career_stats values (632, 924, 504, 785, 868, 244, 954, 436, 827, 612, 96, 232, 63, 555);
insert into athlete_career_stats values (633, 137, 602, 26, 329, 18, 205, 868, 594, 868, 37, 165, 12, 700);
insert into athlete_career_stats values (634, 748, 460, 491, 664, 297, 346, 775, 700, 636, 25, 271, 8, 220);
insert into athlete_career_stats values (635, 624, 64, 208, 877, 791, 151, 240, 803, 911, 65, 117, 51, 680);
insert into athlete_career_stats values (636, 392, 748, 10, 900, 132, 876, 685, 79, 505, 11, 163, 66, 727);
insert into athlete_career_stats values (637, 978, 272, 746, 710, 549, 107, 788, 406, 752, 17, 45, 8, 256);
insert into athlete_career_stats values (638, 797, 725, 137, 400, 451, 540, 565, 884, 504, 40, 216, 24, 117);
insert into athlete_career_stats values (639, 217, 85, 715, 357, 769, 43, 214, 31, 110, 52, 596, 49, 645);
insert into athlete_career_stats values (640, 84, 618, 32, 288, 782, 284, 481, 404, 299, 36, 77, 44, 684);
insert into athlete_career_stats values (641, 157, 587, 844, 240, 349, 817, 162, 168, 986, 10, 156, 61, 254);
insert into athlete_career_stats values (642, 421, 420, 944, 124, 859, 712, 496, 396, 420, 8, 56, 46, 469);
insert into athlete_career_stats values (643, 638, 917, 434, 867, 276, 547, 111, 542, 38, 38, 278, 6, 480);
insert into athlete_career_stats values (644, 963, 165, 724, 330, 171, 903, 361, 723, 360, 58, 507, 37, 321);
insert into athlete_career_stats values (645, 230, 849, 452, 154, 161, 289, 62, 432, 560, 70, 197, 48, 680);
insert into athlete_career_stats values (646, 747, 716, 837, 791, 596, 756, 28, 802, 227, 18, 368, 28, 308);
insert into athlete_career_stats values (647, 953, 108, 30, 514, 732, 241, 467, 676, 571, 19, 322, 10, 115);
insert into athlete_career_stats values (648, 45, 427, 812, 894, 229, 802, 518, 858, 418, 58, 263, 27, 87);
insert into athlete_career_stats values (649, 930, 777, 343, 551, 948, 586, 152, 512, 837, 46, 409, 25, 533);
insert into athlete_career_stats values (650, 296, 289, 924, 311, 753, 986, 119, 100, 400, 65, 150, 40, 40);
insert into athlete_career_stats values (651, 774, 627, 807, 628, 713, 969, 675, 142, 812, 12, 267, 45, 20);
insert into athlete_career_stats values (652, 871, 716, 384, 906, 99, 29, 798, 218, 434, 76, 31, 57, 45);
insert into athlete_career_stats values (653, 5, 863, 499, 35, 912, 417, 266, 851, 842, 18, 97, 33, 690);
insert into athlete_career_stats values (654, 798, 564, 463, 978, 464, 140, 455, 304, 773, 27, 29, 62, 76);
insert into athlete_career_stats values (655, 85, 100, 628, 243, 70, 908, 604, 285, 664, 96, 357, 17, 680);
insert into athlete_career_stats values (656, 563, 742, 801, 147, 484, 907, 485, 569, 983, 30, 155, 42, 18);
insert into athlete_career_stats values (657, 46, 343, 960, 120, 902, 497, 728, 713, 480, 39, 523, 29, 494);
insert into athlete_career_stats values (658, 683, 776, 276, 759, 923, 303, 637, 229, 125, 55, 82, 43, 634);
insert into athlete_career_stats values (659, 480, 471, 465, 962, 144, 104, 600, 259, 442, 8, 281, 43, 617);
insert into athlete_career_stats values (660, 283, 820, 433, 168, 875, 840, 213, 127, 331, 97, 481, 31, 626);
insert into athlete_career_stats values (661, 471, 840, 422, 871, 917, 660, 507, 883, 986, 50, 114, 50, 495);
insert into athlete_career_stats values (662, 387, 890, 736, 952, 890, 314, 488, 972, 796, 42, 529, 49, 392);
insert into athlete_career_stats values (663, 259, 347, 87, 82, 779, 927, 345, 863, 851, 18, 521, 45, 19);
insert into athlete_career_stats values (664, 83, 47, 191, 456, 971, 759, 830, 216, 849, 76, 311, 42, 238);
insert into athlete_career_stats values (665, 353, 302, 439, 412, 631, 100, 336, 608, 632, 26, 392, 61, 313);
insert into athlete_career_stats values (666, 148, 930, 897, 717, 77, 60, 396, 685, 109, 53, 213, 48, 408);
insert into athlete_career_stats values (667, 132, 288, 48, 349, 514, 709, 825, 558, 620, 94, 7, 8, 406);
insert into athlete_career_stats values (668, 221, 170, 866, 240, 941, 472, 385, 963, 371, 56, 395, 22, 687);
insert into athlete_career_stats values (669, 159, 937, 213, 523, 735, 941, 320, 167, 652, 63, 157, 64, 269);
insert into athlete_career_stats values (670, 184, 915, 478, 823, 439, 778, 689, 289, 657, 76, 491, 62, 13);
insert into athlete_career_stats values (671, 69, 184, 924, 424, 706, 137, 670, 123, 807, 12, 213, 34, 272);
insert into athlete_career_stats values (672, 128, 52, 803, 882, 67, 272, 654, 443, 416, 43, 584, 27, 94);
insert into athlete_career_stats values (673, 515, 873, 698, 870, 496, 410, 665, 153, 460, 22, 263, 55, 460);
insert into athlete_career_stats values (674, 473, 16, 378, 524, 517, 924, 203, 81, 978, 27, 275, 13, 131);
insert into athlete_career_stats values (675, 780, 583, 385, 274, 546, 474, 252, 653, 867, 32, 57, 17, 505);
insert into athlete_career_stats values (676, 726, 669, 425, 266, 684, 265, 525, 644, 84, 60, 50, 44, 604);
insert into athlete_career_stats values (677, 952, 375, 335, 581, 737, 562, 335, 252, 338, 50, 42, 49, 167);
insert into athlete_career_stats values (678, 644, 690, 343, 672, 992, 414, 391, 563, 297, 93, 496, 25, 169);
insert into athlete_career_stats values (679, 139, 94, 746, 251, 219, 863, 84, 108, 261, 44, 53, 68, 96);
insert into athlete_career_stats values (680, 22, 860, 97, 298, 691, 662, 721, 326, 648, 18, 542, 10, 324);
insert into athlete_career_stats values (681, 900, 363, 447, 617, 702, 473, 355, 366, 366, 90, 247, 38, 14);
insert into athlete_career_stats values (682, 577, 491, 775, 890, 804, 559, 113, 255, 472, 24, 191, 46, 331);
insert into athlete_career_stats values (683, 826, 677, 135, 63, 578, 445, 812, 302, 667, 19, 382, 50, 464);
insert into athlete_career_stats values (684, 572, 786, 514, 5, 303, 877, 514, 322, 498, 7, 76, 40, 24);
insert into athlete_career_stats values (685, 980, 88, 346, 271, 725, 87, 68, 978, 820, 80, 169, 68, 487);
insert into athlete_career_stats values (686, 407, 584, 440, 985, 721, 536, 299, 298, 727, 48, 350, 64, 592);
insert into athlete_career_stats values (687, 554, 152, 595, 868, 594, 957, 86, 146, 629, 19, 432, 34, 246);
insert into athlete_career_stats values (688, 385, 238, 480, 762, 268, 773, 731, 107, 848, 6, 49, 56, 733);
insert into athlete_career_stats values (689, 729, 385, 714, 680, 267, 80, 500, 545, 946, 81, 526, 50, 62);
insert into athlete_career_stats values (690, 8, 958, 296, 118, 373, 284, 116, 15, 433, 11, 317, 24, 64);
insert into athlete_career_stats values (691, 66, 541, 153, 306, 923, 77, 803, 436, 138, 62, 449, 51, 413);
insert into athlete_career_stats values (692, 576, 205, 154, 325, 681, 535, 773, 811, 925, 27, 458, 22, 648);
insert into athlete_career_stats values (693, 624, 643, 986, 988, 853, 557, 534, 490, 700, 61, 297, 54, 580);
insert into athlete_career_stats values (694, 844, 416, 605, 685, 449, 338, 425, 965, 478, 45, 434, 35, 252);
insert into athlete_career_stats values (695, 292, 570, 166, 881, 997, 644, 279, 79, 693, 39, 597, 40, 319);
insert into athlete_career_stats values (696, 407, 478, 584, 938, 360, 27, 839, 123, 447, 23, 588, 30, 191);
insert into athlete_career_stats values (697, 832, 352, 632, 351, 382, 141, 39, 306, 769, 66, 460, 48, 448);
insert into athlete_career_stats values (698, 947, 469, 82, 347, 25, 613, 134, 617, 631, 22, 94, 14, 434);
insert into athlete_career_stats values (699, 42, 806, 15, 666, 751, 400, 558, 360, 134, 36, 572, 36, 653);
insert into athlete_career_stats values (700, 53, 580, 297, 482, 557, 172, 160, 157, 13, 80, 366, 58, 409);
insert into athlete_career_stats values (701, 627, 626, 122, 64, 709, 487, 778, 882, 527, 64, 47, 48, 425);
insert into athlete_career_stats values (702, 93, 901, 179, 851, 667, 822, 149, 258, 381, 23, 107, 35, 172);
insert into athlete_career_stats values (703, 150, 265, 329, 407, 128, 205, 62, 492, 554, 51, 377, 68, 344);
insert into athlete_career_stats values (704, 195, 533, 243, 378, 828, 402, 544, 979, 797, 26, 455, 53, 516);
insert into athlete_career_stats values (705, 336, 505, 121, 772, 134, 335, 466, 323, 310, 92, 368, 22, 508);
insert into athlete_career_stats values (706, 247, 303, 215, 595, 391, 991, 755, 960, 738, 39, 320, 15, 610);
insert into athlete_career_stats values (707, 406, 398, 718, 647, 48, 954, 556, 165, 671, 72, 418, 55, 339);
insert into athlete_career_stats values (708, 534, 245, 547, 943, 232, 192, 224, 716, 384, 38, 82, 57, 633);
insert into athlete_career_stats values (709, 828, 224, 21, 562, 675, 572, 345, 694, 433, 82, 503, 67, 703);
insert into athlete_career_stats values (710, 933, 523, 218, 306, 667, 311, 854, 626, 936, 8, 406, 34, 246);
insert into athlete_career_stats values (711, 396, 698, 957, 689, 949, 219, 743, 235, 255, 74, 344, 67, 100);
insert into athlete_career_stats values (712, 619, 524, 922, 675, 504, 423, 679, 335, 569, 39, 375, 25, 123);
insert into athlete_career_stats values (713, 524, 230, 516, 923, 536, 929, 30, 478, 237, 38, 137, 22, 133);
insert into athlete_career_stats values (714, 974, 918, 355, 51, 680, 260, 304, 864, 228, 48, 473, 22, 679);
insert into athlete_career_stats values (715, 553, 109, 458, 974, 602, 424, 644, 651, 337, 100, 28, 51, 693);
insert into athlete_career_stats values (716, 982, 91, 86, 300, 985, 953, 418, 679, 967, 41, 581, 31, 695);
insert into athlete_career_stats values (717, 463, 978, 788, 724, 236, 179, 301, 488, 416, 18, 521, 44, 735);
insert into athlete_career_stats values (718, 178, 647, 89, 173, 742, 74, 589, 470, 939, 66, 214, 14, 25);
insert into athlete_career_stats values (719, 480, 587, 367, 49, 940, 419, 256, 443, 371, 52, 474, 9, 74);
insert into athlete_career_stats values (720, 539, 799, 467, 605, 854, 696, 619, 746, 911, 26, 266, 40, 147);
insert into athlete_career_stats values (721, 243, 553, 81, 498, 85, 424, 354, 592, 744, 23, 364, 51, 115);
insert into athlete_career_stats values (722, 979, 717, 995, 955, 639, 426, 300, 642, 208, 33, 473, 65, 369);
insert into athlete_career_stats values (723, 127, 822, 174, 399, 616, 293, 559, 294, 206, 54, 101, 9, 428);
insert into athlete_career_stats values (724, 393, 607, 168, 209, 671, 219, 776, 296, 292, 9, 299, 10, 697);
insert into athlete_career_stats values (725, 652, 838, 152, 57, 783, 54, 828, 301, 952, 56, 97, 65, 216);
insert into athlete_career_stats values (726, 850, 441, 102, 379, 531, 553, 50, 842, 388, 60, 392, 21, 556);
insert into athlete_career_stats values (727, 479, 853, 187, 72, 243, 558, 238, 937, 131, 80, 131, 22, 445);
insert into athlete_career_stats values (728, 663, 429, 463, 426, 708, 930, 347, 988, 307, 30, 407, 41, 712);
insert into athlete_career_stats values (729, 595, 268, 862, 611, 240, 986, 619, 238, 417, 60, 271, 30, 646);
insert into athlete_career_stats values (730, 368, 803, 597, 505, 452, 699, 624, 497, 263, 17, 260, 46, 136);
insert into athlete_career_stats values (731, 217, 649, 726, 226, 477, 963, 392, 841, 158, 34, 149, 48, 695);
insert into athlete_career_stats values (732, 924, 612, 861, 547, 464, 492, 307, 117, 640, 79, 243, 40, 444);
insert into athlete_career_stats values (733, 223, 437, 633, 556, 683, 252, 715, 739, 488, 40, 279, 49, 127);
insert into athlete_career_stats values (734, 504, 850, 913, 956, 939, 628, 815, 125, 22, 18, 439, 14, 606);
insert into athlete_career_stats values (735, 952, 125, 710, 109, 93, 573, 290, 798, 917, 7, 429, 9, 675);
insert into athlete_career_stats values (736, 693, 393, 648, 270, 614, 655, 414, 252, 56, 59, 320, 30, 166);
insert into athlete_career_stats values (737, 738, 291, 851, 517, 665, 936, 653, 306, 694, 15, 149, 37, 603);
insert into athlete_career_stats values (738, 814, 653, 828, 464, 434, 530, 649, 733, 149, 31, 276, 16, 390);
insert into athlete_career_stats values (739, 281, 368, 860, 576, 281, 641, 115, 468, 614, 41, 53, 22, 448);
insert into athlete_career_stats values (740, 497, 427, 147, 639, 24, 561, 487, 639, 353, 97, 178, 23, 69);
insert into athlete_career_stats values (741, 539, 582, 538, 790, 62, 61, 28, 167, 787, 47, 203, 9, 662);
insert into athlete_career_stats values (742, 173, 200, 554, 66, 986, 301, 205, 929, 13, 10, 554, 25, 593);
insert into athlete_career_stats values (743, 884, 623, 674, 401, 836, 682, 170, 334, 877, 98, 89, 48, 567);
insert into athlete_career_stats values (744, 262, 97, 918, 864, 84, 422, 257, 447, 457, 69, 59, 51, 228);
insert into athlete_career_stats values (745, 779, 88, 951, 538, 859, 59, 349, 762, 164, 11, 206, 45, 458);
insert into athlete_career_stats values (746, 420, 972, 18, 534, 663, 725, 120, 926, 53, 95, 372, 54, 725);
insert into athlete_career_stats values (747, 869, 941, 504, 928, 856, 11, 839, 204, 888, 58, 22, 13, 474);
insert into athlete_career_stats values (748, 41, 991, 13, 593, 20, 286, 88, 552, 676, 25, 481, 17, 190);
insert into athlete_career_stats values (749, 715, 514, 911, 107, 320, 706, 632, 904, 463, 17, 54, 10, 69);
insert into athlete_career_stats values (750, 667, 653, 9, 592, 811, 717, 657, 570, 428, 17, 299, 46, 446);
insert into athlete_career_stats values (751, 454, 730, 193, 1000, 308, 220, 437, 203, 569, 79, 312, 69, 607);
insert into athlete_career_stats values (752, 988, 511, 773, 938, 237, 416, 121, 939, 23, 16, 162, 14, 451);
insert into athlete_career_stats values (753, 499, 439, 332, 482, 18, 321, 641, 516, 591, 46, 422, 62, 491);
insert into athlete_career_stats values (754, 368, 518, 664, 451, 933, 191, 822, 207, 964, 81, 555, 30, 356);
insert into athlete_career_stats values (755, 485, 451, 973, 232, 431, 424, 167, 437, 786, 55, 403, 47, 73);
insert into athlete_career_stats values (756, 467, 244, 685, 979, 678, 572, 69, 827, 883, 27, 249, 47, 343);
insert into athlete_career_stats values (757, 965, 877, 582, 36, 155, 90, 824, 353, 130, 64, 299, 59, 487);
insert into athlete_career_stats values (758, 168, 542, 562, 12, 191, 284, 458, 465, 334, 82, 188, 49, 70);
insert into athlete_career_stats values (759, 354, 61, 998, 430, 573, 989, 336, 755, 504, 66, 436, 68, 10);
insert into athlete_career_stats values (760, 346, 457, 950, 372, 430, 575, 761, 654, 684, 41, 326, 39, 214);
insert into athlete_career_stats values (761, 122, 809, 900, 688, 838, 411, 466, 45, 537, 83, 47, 19, 524);
insert into athlete_career_stats values (762, 890, 733, 246, 411, 464, 407, 610, 281, 556, 100, 377, 29, 515);
insert into athlete_career_stats values (763, 67, 784, 409, 550, 743, 743, 117, 298, 161, 30, 317, 40, 129);
insert into athlete_career_stats values (764, 817, 665, 711, 16, 977, 45, 264, 482, 921, 80, 390, 37, 701);
insert into athlete_career_stats values (765, 922, 989, 362, 496, 860, 598, 69, 496, 402, 63, 404, 25, 223);
insert into athlete_career_stats values (766, 387, 210, 374, 983, 966, 600, 231, 501, 190, 51, 89, 41, 704);
insert into athlete_career_stats values (767, 42, 764, 697, 353, 61, 596, 788, 136, 577, 79, 447, 7, 138);
insert into athlete_career_stats values (768, 935, 868, 492, 969, 429, 311, 277, 164, 233, 29, 199, 62, 52);
insert into athlete_career_stats values (769, 219, 137, 829, 772, 33, 959, 321, 355, 266, 69, 121, 48, 477);
insert into athlete_career_stats values (770, 639, 919, 612, 267, 278, 733, 833, 995, 752, 15, 154, 39, 271);
insert into athlete_career_stats values (771, 686, 445, 901, 174, 722, 431, 89, 619, 835, 90, 300, 17, 564);
insert into athlete_career_stats values (772, 466, 111, 81, 774, 254, 242, 372, 307, 300, 53, 584, 13, 713);
insert into athlete_career_stats values (773, 627, 488, 174, 649, 443, 683, 25, 503, 378, 85, 16, 12, 641);
insert into athlete_career_stats values (774, 687, 389, 740, 435, 463, 625, 600, 300, 732, 13, 92, 7, 615);
insert into athlete_career_stats values (775, 352, 55, 99, 870, 267, 297, 715, 174, 463, 38, 356, 12, 734);
insert into athlete_career_stats values (776, 728, 616, 976, 748, 131, 26, 728, 784, 68, 60, 347, 38, 227);
insert into athlete_career_stats values (777, 600, 376, 500, 522, 66, 136, 553, 23, 792, 81, 146, 17, 302);
insert into athlete_career_stats values (778, 219, 225, 995, 434, 704, 491, 155, 581, 665, 79, 272, 20, 391);
insert into athlete_career_stats values (779, 491, 227, 121, 165, 111, 706, 483, 603, 554, 52, 106, 40, 298);
insert into athlete_career_stats values (780, 504, 414, 465, 243, 616, 532, 632, 452, 916, 12, 326, 31, 653);
insert into athlete_career_stats values (781, 277, 778, 871, 186, 682, 569, 640, 940, 492, 27, 264, 19, 204);
insert into athlete_career_stats values (782, 615, 778, 579, 855, 5, 301, 485, 927, 218, 97, 145, 56, 20);
insert into athlete_career_stats values (783, 405, 483, 145, 182, 878, 628, 93, 689, 729, 71, 316, 52, 482);
insert into athlete_career_stats values (784, 315, 581, 648, 419, 505, 91, 474, 288, 955, 10, 232, 24, 539);
insert into athlete_career_stats values (785, 203, 133, 440, 491, 768, 105, 674, 349, 656, 91, 91, 5, 214);
insert into athlete_career_stats values (786, 422, 442, 269, 368, 301, 103, 645, 915, 790, 73, 232, 41, 588);
insert into athlete_career_stats values (787, 781, 55, 804, 671, 83, 270, 352, 793, 552, 89, 571, 33, 419);
insert into athlete_career_stats values (788, 541, 252, 980, 433, 203, 625, 577, 110, 730, 36, 591, 47, 336);
insert into athlete_career_stats values (789, 469, 522, 187, 26, 692, 242, 365, 106, 54, 60, 337, 41, 716);
insert into athlete_career_stats values (790, 680, 843, 594, 938, 962, 637, 575, 422, 951, 84, 588, 10, 625);
insert into athlete_career_stats values (791, 421, 375, 19, 74, 764, 744, 333, 129, 826, 48, 87, 33, 731);
insert into athlete_career_stats values (792, 582, 743, 535, 793, 947, 18, 107, 110, 442, 20, 281, 27, 410);
insert into athlete_career_stats values (793, 910, 894, 391, 614, 930, 874, 59, 351, 585, 34, 555, 40, 526);
insert into athlete_career_stats values (794, 6, 689, 678, 184, 234, 699, 867, 487, 206, 75, 435, 48, 9);
insert into athlete_career_stats values (795, 705, 860, 755, 549, 17, 121, 752, 972, 799, 38, 402, 59, 45);
insert into athlete_career_stats values (796, 403, 686, 421, 373, 774, 372, 215, 28, 832, 29, 510, 18, 608);
insert into athlete_career_stats values (797, 675, 690, 898, 288, 470, 327, 449, 273, 43, 19, 543, 28, 336);
insert into athlete_career_stats values (798, 493, 393, 551, 566, 964, 701, 817, 447, 708, 66, 53, 10, 231);
insert into athlete_career_stats values (799, 440, 728, 387, 112, 684, 766, 605, 367, 264, 41, 515, 13, 450);
insert into athlete_career_stats values (800, 202, 860, 583, 280, 242, 309, 331, 974, 509, 87, 494, 8, 84);
insert into athlete_career_stats values (801, 753, 982, 764, 498, 177, 889, 509, 125, 264, 65, 469, 26, 661);
insert into athlete_career_stats values (802, 508, 568, 924, 537, 7, 582, 602, 109, 351, 34, 319, 10, 646);
insert into athlete_career_stats values (803, 47, 259, 200, 488, 485, 355, 729, 738, 809, 60, 572, 12, 729);
insert into athlete_career_stats values (804, 820, 509, 541, 186, 977, 90, 841, 492, 954, 10, 446, 31, 724);
insert into athlete_career_stats values (805, 486, 463, 554, 865, 15, 782, 54, 686, 519, 40, 354, 30, 207);
insert into athlete_career_stats values (806, 208, 660, 286, 848, 164, 818, 816, 970, 212, 21, 61, 40, 25);
insert into athlete_career_stats values (807, 625, 782, 865, 969, 115, 220, 204, 689, 312, 51, 373, 39, 372);
insert into athlete_career_stats values (808, 875, 834, 952, 828, 838, 25, 299, 721, 548, 21, 296, 66, 713);
insert into athlete_career_stats values (809, 539, 189, 496, 255, 117, 923, 823, 992, 556, 60, 107, 14, 126);
insert into athlete_career_stats values (810, 162, 340, 791, 54, 528, 62, 225, 473, 875, 51, 418, 11, 196);
insert into athlete_career_stats values (811, 754, 175, 627, 326, 877, 582, 737, 28, 420, 10, 243, 18, 279);
insert into athlete_career_stats values (812, 864, 906, 279, 274, 200, 169, 564, 761, 726, 33, 480, 50, 122);
insert into athlete_career_stats values (813, 163, 315, 920, 575, 914, 915, 762, 492, 812, 54, 235, 41, 639);
insert into athlete_career_stats values (814, 317, 85, 484, 569, 963, 931, 215, 9, 505, 31, 404, 42, 646);
insert into athlete_career_stats values (815, 157, 375, 783, 813, 854, 660, 588, 32, 178, 34, 408, 65, 18);
insert into athlete_career_stats values (816, 609, 745, 181, 688, 872, 392, 48, 306, 25, 92, 290, 39, 712);
insert into athlete_career_stats values (817, 159, 582, 53, 854, 20, 102, 70, 604, 993, 95, 72, 11, 355);
insert into athlete_career_stats values (818, 945, 272, 867, 230, 743, 812, 228, 273, 922, 7, 496, 58, 609);
insert into athlete_career_stats values (819, 337, 219, 739, 524, 324, 141, 492, 692, 466, 62, 486, 49, 433);
insert into athlete_career_stats values (820, 962, 690, 852, 288, 52, 101, 20, 174, 392, 50, 454, 30, 537);
insert into athlete_career_stats values (821, 461, 571, 102, 72, 887, 620, 620, 783, 381, 42, 46, 8, 441);
insert into athlete_career_stats values (822, 579, 587, 313, 623, 194, 95, 309, 65, 587, 14, 458, 11, 176);
insert into athlete_career_stats values (823, 425, 239, 483, 231, 470, 374, 567, 941, 358, 100, 432, 59, 481);
insert into athlete_career_stats values (824, 615, 99, 935, 921, 406, 507, 470, 668, 893, 44, 315, 36, 104);
insert into athlete_career_stats values (825, 799, 637, 422, 49, 137, 583, 457, 446, 815, 41, 429, 45, 537);
insert into athlete_career_stats values (826, 663, 123, 910, 373, 428, 466, 98, 385, 248, 87, 359, 29, 112);
insert into athlete_career_stats values (827, 337, 778, 164, 617, 618, 706, 111, 195, 353, 71, 233, 21, 663);
insert into athlete_career_stats values (828, 992, 741, 857, 480, 676, 397, 620, 117, 389, 52, 481, 64, 218);
insert into athlete_career_stats values (829, 458, 569, 13, 815, 384, 890, 364, 104, 929, 39, 539, 10, 268);
insert into athlete_career_stats values (830, 388, 873, 866, 609, 515, 249, 722, 589, 418, 73, 497, 7, 161);
insert into athlete_career_stats values (831, 114, 650, 645, 732, 680, 402, 854, 575, 532, 99, 270, 32, 181);
insert into athlete_career_stats values (832, 981, 978, 386, 105, 187, 953, 99, 322, 90, 80, 206, 30, 64);
insert into athlete_career_stats values (833, 860, 405, 20, 491, 993, 820, 415, 285, 172, 69, 324, 43, 443);
insert into athlete_career_stats values (834, 111, 346, 753, 240, 46, 393, 511, 160, 693, 87, 215, 18, 453);
insert into athlete_career_stats values (835, 870, 437, 411, 727, 465, 283, 667, 663, 664, 91, 69, 54, 611);
insert into athlete_career_stats values (836, 347, 580, 164, 696, 88, 173, 755, 728, 682, 79, 245, 44, 600);
insert into athlete_career_stats values (837, 192, 509, 8, 141, 941, 710, 766, 528, 758, 14, 272, 42, 692);
insert into athlete_career_stats values (838, 897, 250, 915, 566, 298, 512, 545, 918, 300, 44, 154, 31, 502);
insert into athlete_career_stats values (839, 962, 249, 757, 495, 722, 500, 197, 185, 886, 7, 7, 22, 683);
insert into athlete_career_stats values (840, 650, 80, 289, 814, 262, 629, 17, 32, 332, 67, 130, 15, 542);
insert into athlete_career_stats values (841, 64, 380, 982, 886, 695, 665, 27, 833, 510, 97, 186, 24, 552);
insert into athlete_career_stats values (842, 93, 157, 589, 551, 35, 126, 600, 174, 349, 88, 479, 43, 83);
insert into athlete_career_stats values (843, 229, 316, 401, 78, 692, 264, 648, 683, 987, 17, 485, 52, 260);
insert into athlete_career_stats values (844, 422, 437, 645, 267, 348, 868, 606, 333, 31, 45, 326, 64, 304);
insert into athlete_career_stats values (845, 698, 215, 827, 68, 738, 126, 603, 444, 788, 65, 183, 18, 71);
insert into athlete_career_stats values (846, 9, 714, 110, 742, 172, 719, 470, 43, 380, 87, 158, 61, 539);
insert into athlete_career_stats values (847, 966, 500, 440, 705, 265, 42, 504, 155, 787, 83, 330, 52, 24);
insert into athlete_career_stats values (848, 639, 877, 360, 90, 258, 540, 603, 563, 910, 93, 188, 27, 379);
insert into athlete_career_stats values (849, 575, 433, 927, 40, 93, 860, 132, 400, 775, 21, 367, 50, 687);
insert into athlete_career_stats values (850, 432, 170, 731, 41, 78, 752, 592, 730, 341, 35, 405, 40, 149);
insert into athlete_career_stats values (851, 871, 188, 856, 69, 540, 425, 495, 900, 496, 7, 252, 52, 395);
insert into athlete_career_stats values (852, 92, 613, 246, 563, 455, 953, 29, 417, 85, 85, 524, 53, 173);
insert into athlete_career_stats values (853, 509, 405, 827, 659, 327, 883, 135, 812, 602, 58, 582, 41, 358);
insert into athlete_career_stats values (854, 155, 372, 298, 584, 600, 835, 87, 684, 453, 100, 6, 41, 330);
insert into athlete_career_stats values (855, 340, 222, 427, 329, 997, 514, 427, 789, 122, 98, 198, 8, 52);
insert into athlete_career_stats values (856, 820, 400, 490, 797, 659, 942, 393, 439, 369, 26, 436, 28, 505);
insert into athlete_career_stats values (857, 351, 66, 371, 454, 232, 930, 215, 974, 350, 75, 361, 27, 694);
insert into athlete_career_stats values (858, 451, 910, 936, 781, 817, 106, 453, 808, 760, 46, 81, 56, 169);
insert into athlete_career_stats values (859, 552, 324, 768, 277, 90, 258, 547, 369, 495, 71, 484, 49, 292);
insert into athlete_career_stats values (860, 690, 906, 171, 379, 736, 19, 769, 517, 858, 28, 301, 32, 232);
insert into athlete_career_stats values (861, 562, 244, 828, 668, 102, 977, 343, 190, 469, 56, 325, 36, 717);
insert into athlete_career_stats values (862, 207, 24, 807, 317, 383, 331, 766, 756, 110, 55, 246, 45, 414);
insert into athlete_career_stats values (863, 537, 410, 89, 511, 170, 219, 712, 93, 855, 88, 68, 44, 418);
insert into athlete_career_stats values (864, 161, 554, 731, 62, 343, 100, 846, 513, 431, 31, 354, 39, 452);
insert into athlete_career_stats values (865, 705, 521, 431, 294, 439, 554, 421, 871, 440, 77, 587, 18, 542);
insert into athlete_career_stats values (866, 581, 916, 940, 274, 773, 621, 196, 498, 291, 46, 103, 23, 191);
insert into athlete_career_stats values (867, 262, 955, 147, 661, 610, 92, 311, 448, 748, 61, 352, 22, 379);
insert into athlete_career_stats values (868, 453, 432, 726, 761, 924, 729, 434, 183, 544, 46, 29, 8, 534);
insert into athlete_career_stats values (869, 275, 348, 286, 46, 584, 741, 153, 164, 757, 17, 281, 16, 484);
insert into athlete_career_stats values (870, 224, 490, 980, 518, 590, 525, 249, 361, 979, 83, 574, 63, 680);
insert into athlete_career_stats values (871, 271, 291, 800, 391, 350, 68, 343, 918, 154, 93, 458, 58, 138);
insert into athlete_career_stats values (872, 385, 699, 432, 778, 192, 846, 796, 868, 848, 31, 42, 32, 131);
insert into athlete_career_stats values (873, 475, 966, 379, 532, 257, 537, 334, 855, 936, 16, 458, 61, 540);
insert into athlete_career_stats values (874, 190, 390, 409, 587, 523, 446, 132, 870, 5, 84, 485, 52, 220);
insert into athlete_career_stats values (875, 821, 677, 182, 215, 198, 277, 472, 664, 569, 98, 242, 29, 652);
insert into athlete_career_stats values (876, 979, 889, 548, 234, 865, 674, 580, 920, 78, 52, 89, 17, 723);
insert into athlete_career_stats values (877, 541, 701, 389, 432, 354, 93, 628, 181, 953, 75, 47, 49, 94);
insert into athlete_career_stats values (878, 254, 231, 564, 989, 735, 228, 485, 625, 269, 97, 261, 20, 384);
insert into athlete_career_stats values (879, 536, 568, 670, 870, 662, 883, 400, 768, 981, 7, 522, 36, 388);
insert into athlete_career_stats values (880, 995, 981, 749, 924, 939, 187, 154, 932, 986, 57, 380, 29, 701);
insert into athlete_career_stats values (881, 649, 857, 355, 831, 732, 226, 851, 384, 42, 44, 283, 40, 185);
insert into athlete_career_stats values (882, 228, 758, 130, 610, 141, 867, 408, 214, 514, 100, 488, 8, 723);
insert into athlete_career_stats values (883, 699, 948, 749, 541, 836, 758, 197, 227, 705, 81, 175, 63, 592);
insert into athlete_career_stats values (884, 238, 84, 895, 894, 755, 759, 492, 449, 353, 85, 239, 55, 46);
insert into athlete_career_stats values (885, 682, 721, 693, 543, 556, 365, 117, 371, 651, 87, 141, 30, 165);
insert into athlete_career_stats values (886, 380, 295, 972, 350, 450, 786, 610, 69, 985, 29, 232, 60, 386);
insert into athlete_career_stats values (887, 162, 103, 662, 232, 211, 978, 722, 530, 45, 9, 517, 65, 540);
insert into athlete_career_stats values (888, 436, 446, 55, 359, 140, 102, 176, 800, 570, 57, 76, 50, 119);
insert into athlete_career_stats values (889, 924, 533, 533, 192, 913, 800, 33, 756, 145, 51, 143, 57, 492);
insert into athlete_career_stats values (890, 186, 21, 175, 675, 314, 50, 16, 544, 681, 19, 22, 14, 106);
insert into athlete_career_stats values (891, 427, 853, 149, 352, 941, 205, 557, 265, 208, 55, 174, 58, 303);
insert into athlete_career_stats values (892, 570, 325, 962, 208, 624, 793, 595, 415, 755, 31, 198, 33, 175);
insert into athlete_career_stats values (893, 444, 276, 190, 19, 434, 877, 820, 212, 485, 8, 262, 11, 334);
insert into athlete_career_stats values (894, 302, 802, 312, 843, 334, 663, 279, 547, 633, 57, 483, 55, 102);
insert into athlete_career_stats values (895, 649, 787, 977, 789, 269, 886, 776, 983, 362, 80, 340, 19, 60);
insert into athlete_career_stats values (896, 782, 552, 817, 509, 183, 67, 479, 462, 536, 29, 124, 28, 64);
insert into athlete_career_stats values (897, 446, 642, 578, 783, 738, 942, 495, 250, 333, 8, 432, 37, 591);
insert into athlete_career_stats values (898, 948, 225, 927, 235, 492, 44, 456, 731, 992, 50, 118, 37, 326);
insert into athlete_career_stats values (899, 961, 203, 301, 635, 681, 238, 289, 34, 371, 50, 382, 61, 216);
insert into athlete_career_stats values (900, 142, 706, 841, 425, 675, 742, 708, 797, 415, 63, 198, 15, 383);
insert into athlete_career_stats values (901, 127, 664, 984, 719, 606, 361, 339, 623, 679, 78, 407, 28, 593);
insert into athlete_career_stats values (902, 769, 489, 577, 679, 42, 107, 127, 101, 11, 85, 472, 23, 499);
insert into athlete_career_stats values (903, 195, 884, 465, 144, 610, 261, 679, 875, 468, 64, 362, 12, 20);
insert into athlete_career_stats values (904, 831, 727, 982, 282, 695, 185, 627, 20, 725, 7, 239, 15, 221);
insert into athlete_career_stats values (905, 312, 47, 999, 660, 419, 984, 243, 68, 35, 8, 572, 34, 451);
insert into athlete_career_stats values (906, 841, 664, 814, 803, 272, 640, 522, 6, 321, 25, 330, 68, 97);
insert into athlete_career_stats values (907, 103, 898, 525, 143, 104, 549, 885, 596, 500, 75, 199, 10, 185);
insert into athlete_career_stats values (908, 550, 989, 415, 598, 107, 157, 820, 768, 226, 50, 252, 11, 689);
insert into athlete_career_stats values (909, 911, 408, 881, 434, 874, 962, 341, 140, 452, 83, 328, 45, 576);
insert into athlete_career_stats values (910, 898, 519, 302, 52, 295, 213, 513, 298, 64, 34, 587, 56, 732);
insert into athlete_career_stats values (911, 365, 915, 113, 945, 441, 651, 391, 792, 634, 7, 251, 53, 369);
insert into athlete_career_stats values (912, 89, 388, 28, 669, 917, 702, 84, 470, 597, 83, 348, 43, 239);
insert into athlete_career_stats values (913, 959, 351, 785, 856, 626, 301, 372, 954, 510, 86, 321, 37, 551);
insert into athlete_career_stats values (914, 332, 663, 566, 706, 536, 601, 677, 742, 936, 92, 116, 42, 533);
insert into athlete_career_stats values (915, 711, 665, 590, 725, 538, 151, 534, 926, 74, 55, 97, 15, 96);
insert into athlete_career_stats values (916, 909, 333, 206, 903, 199, 436, 51, 586, 574, 32, 406, 69, 741);
insert into athlete_career_stats values (917, 576, 496, 833, 269, 534, 158, 786, 207, 707, 55, 485, 40, 358);
insert into athlete_career_stats values (918, 950, 744, 42, 532, 353, 142, 779, 98, 576, 86, 555, 9, 737);
insert into athlete_career_stats values (919, 781, 112, 634, 717, 116, 547, 35, 105, 557, 69, 89, 56, 590);
insert into athlete_career_stats values (920, 530, 334, 861, 509, 869, 435, 753, 244, 951, 50, 26, 53, 543);
insert into athlete_career_stats values (921, 694, 24, 775, 988, 242, 543, 647, 528, 476, 97, 254, 20, 548);
insert into athlete_career_stats values (922, 327, 66, 565, 117, 744, 273, 817, 466, 12, 78, 563, 58, 95);
insert into athlete_career_stats values (923, 485, 989, 572, 502, 699, 879, 193, 990, 247, 15, 419, 15, 398);
insert into athlete_career_stats values (924, 836, 985, 617, 227, 162, 814, 771, 707, 603, 50, 132, 42, 243);
insert into athlete_career_stats values (925, 232, 305, 772, 414, 352, 559, 592, 461, 976, 13, 427, 10, 642);
insert into athlete_career_stats values (926, 670, 107, 954, 933, 93, 408, 533, 673, 619, 97, 392, 44, 723);
insert into athlete_career_stats values (927, 305, 92, 20, 362, 688, 435, 301, 599, 992, 42, 191, 28, 218);
insert into athlete_career_stats values (928, 20, 211, 396, 391, 659, 466, 101, 598, 373, 85, 119, 49, 557);
insert into athlete_career_stats values (929, 808, 523, 195, 210, 705, 838, 833, 518, 663, 52, 451, 31, 576);
insert into athlete_career_stats values (930, 494, 986, 564, 567, 465, 767, 542, 121, 104, 83, 112, 34, 247);
insert into athlete_career_stats values (931, 827, 429, 677, 115, 202, 826, 270, 585, 480, 84, 407, 47, 643);
insert into athlete_career_stats values (932, 657, 167, 875, 918, 857, 490, 569, 915, 505, 77, 576, 55, 539);
insert into athlete_career_stats values (933, 19, 215, 565, 588, 628, 751, 182, 562, 687, 52, 596, 50, 602);
insert into athlete_career_stats values (934, 534, 675, 267, 124, 100, 67, 595, 812, 340, 78, 412, 12, 645);
insert into athlete_career_stats values (935, 813, 366, 701, 641, 825, 318, 257, 702, 251, 22, 144, 63, 90);
insert into athlete_career_stats values (936, 794, 775, 288, 498, 677, 497, 774, 864, 457, 18, 431, 39, 239);
insert into athlete_career_stats values (937, 828, 374, 891, 389, 675, 803, 54, 927, 537, 72, 372, 16, 700);
insert into athlete_career_stats values (938, 725, 987, 70, 208, 309, 440, 528, 146, 799, 10, 530, 16, 84);
insert into athlete_career_stats values (939, 251, 664, 986, 601, 122, 784, 882, 631, 192, 54, 486, 33, 274);
insert into athlete_career_stats values (940, 608, 934, 547, 910, 729, 830, 128, 581, 807, 64, 45, 44, 682);
insert into athlete_career_stats values (941, 995, 449, 489, 530, 476, 335, 697, 694, 126, 84, 407, 35, 734);
insert into athlete_career_stats values (942, 753, 210, 238, 459, 427, 588, 592, 665, 602, 18, 17, 57, 144);
insert into athlete_career_stats values (943, 786, 185, 703, 564, 660, 418, 474, 749, 446, 63, 403, 52, 376);
insert into athlete_career_stats values (944, 546, 562, 695, 949, 679, 42, 781, 732, 485, 64, 317, 66, 167);
insert into athlete_career_stats values (945, 609, 421, 307, 483, 332, 294, 617, 205, 101, 37, 204, 11, 170);
insert into athlete_career_stats values (946, 98, 972, 664, 179, 401, 620, 674, 857, 441, 77, 189, 40, 538);
insert into athlete_career_stats values (947, 601, 65, 322, 550, 123, 22, 720, 82, 250, 68, 285, 54, 362);
insert into athlete_career_stats values (948, 548, 171, 246, 696, 887, 879, 581, 900, 65, 12, 293, 61, 197);
insert into athlete_career_stats values (949, 138, 42, 540, 517, 61, 512, 334, 301, 666, 43, 597, 32, 697);
insert into athlete_career_stats values (950, 529, 762, 703, 983, 137, 899, 554, 692, 509, 64, 145, 14, 100);
insert into athlete_career_stats values (951, 724, 254, 117, 628, 85, 320, 714, 830, 718, 35, 242, 25, 400);
insert into athlete_career_stats values (952, 648, 495, 641, 534, 385, 718, 138, 119, 443, 57, 461, 22, 476);
insert into athlete_career_stats values (953, 189, 930, 920, 275, 920, 676, 860, 113, 817, 13, 85, 12, 222);
insert into athlete_career_stats values (954, 195, 965, 882, 198, 435, 155, 310, 707, 742, 41, 169, 40, 651);
insert into athlete_career_stats values (955, 183, 205, 70, 612, 221, 746, 677, 759, 790, 80, 71, 33, 117);
insert into athlete_career_stats values (956, 460, 712, 813, 657, 990, 585, 250, 110, 624, 98, 578, 27, 204);
insert into athlete_career_stats values (957, 999, 988, 578, 130, 832, 216, 598, 455, 174, 20, 66, 61, 372);
insert into athlete_career_stats values (958, 922, 174, 173, 740, 794, 466, 697, 965, 392, 51, 188, 41, 220);
insert into athlete_career_stats values (959, 941, 384, 467, 708, 104, 733, 6, 703, 858, 64, 415, 17, 319);
insert into athlete_career_stats values (960, 399, 445, 937, 546, 660, 221, 226, 456, 688, 93, 194, 20, 520);
insert into athlete_career_stats values (961, 257, 953, 803, 449, 764, 169, 360, 879, 415, 62, 63, 9, 209);
insert into athlete_career_stats values (962, 245, 291, 959, 550, 523, 452, 740, 213, 447, 33, 311, 35, 702);
insert into athlete_career_stats values (963, 309, 165, 645, 672, 110, 965, 64, 481, 132, 47, 41, 64, 65);
insert into athlete_career_stats values (964, 853, 936, 765, 916, 187, 607, 720, 693, 534, 89, 152, 44, 442);
insert into athlete_career_stats values (965, 295, 86, 618, 620, 635, 38, 459, 346, 570, 93, 362, 31, 376);
insert into athlete_career_stats values (966, 356, 175, 278, 273, 589, 63, 264, 769, 311, 30, 494, 69, 284);
insert into athlete_career_stats values (967, 88, 779, 993, 617, 689, 651, 434, 298, 371, 75, 530, 42, 338);
insert into athlete_career_stats values (968, 289, 510, 376, 984, 197, 512, 363, 663, 206, 81, 422, 16, 105);
insert into athlete_career_stats values (969, 827, 957, 830, 166, 396, 13, 518, 391, 726, 31, 174, 67, 153);
insert into athlete_career_stats values (970, 270, 563, 650, 390, 897, 905, 386, 312, 553, 82, 343, 18, 211);
insert into athlete_career_stats values (971, 687, 803, 86, 803, 110, 763, 187, 382, 590, 41, 103, 23, 556);
insert into athlete_career_stats values (972, 680, 450, 473, 239, 361, 993, 383, 365, 867, 76, 180, 53, 235);
insert into athlete_career_stats values (973, 874, 880, 655, 399, 620, 721, 533, 61, 433, 24, 588, 15, 197);
insert into athlete_career_stats values (974, 433, 920, 279, 569, 300, 515, 875, 432, 530, 78, 279, 64, 736);
insert into athlete_career_stats values (975, 826, 9, 737, 514, 746, 380, 639, 443, 559, 98, 351, 8, 328);
insert into athlete_career_stats values (976, 985, 89, 660, 781, 136, 924, 185, 932, 449, 69, 65, 58, 555);
insert into athlete_career_stats values (977, 383, 632, 456, 367, 610, 29, 73, 443, 889, 100, 586, 14, 238);
insert into athlete_career_stats values (978, 876, 568, 814, 26, 220, 913, 582, 372, 369, 53, 388, 18, 364);
insert into athlete_career_stats values (979, 766, 856, 623, 456, 270, 410, 488, 844, 347, 53, 236, 32, 361);
insert into athlete_career_stats values (980, 782, 984, 300, 117, 734, 917, 168, 956, 333, 34, 561, 13, 551);
insert into athlete_career_stats values (981, 861, 234, 990, 249, 56, 295, 654, 492, 965, 16, 550, 43, 331);
insert into athlete_career_stats values (982, 92, 862, 337, 951, 528, 22, 565, 830, 821, 91, 76, 56, 32);
insert into athlete_career_stats values (983, 421, 545, 710, 29, 438, 576, 843, 162, 357, 89, 428, 23, 623);
insert into athlete_career_stats values (984, 914, 28, 845, 985, 128, 963, 697, 64, 605, 77, 132, 41, 428);
insert into athlete_career_stats values (985, 637, 389, 426, 944, 652, 86, 121, 244, 136, 97, 52, 21, 638);
insert into athlete_career_stats values (986, 795, 481, 50, 565, 126, 671, 109, 653, 578, 53, 298, 28, 291);
insert into athlete_career_stats values (987, 465, 209, 712, 471, 305, 414, 766, 584, 504, 41, 55, 17, 278);
insert into athlete_career_stats values (988, 247, 802, 330, 683, 940, 61, 86, 209, 18, 17, 173, 44, 632);
insert into athlete_career_stats values (989, 664, 829, 750, 55, 147, 899, 598, 839, 466, 15, 537, 51, 449);
insert into athlete_career_stats values (990, 178, 572, 855, 904, 63, 54, 463, 862, 596, 17, 130, 66, 406);
insert into athlete_career_stats values (991, 974, 185, 952, 159, 365, 215, 630, 75, 874, 27, 230, 14, 663);
insert into athlete_career_stats values (992, 233, 442, 267, 955, 858, 374, 550, 453, 333, 69, 522, 19, 46);


CREATE TABLE bet (
    bet_id INT NOT NULL AUTO_INCREMENT,
    better_id INT NOT NULL, -- See note in better table definition below
    favored_moneyline DOUBLE NOT NULL,
    underdog_moneyline DOUBLE NOT NULL,
    favored_team_bet_amount DOUBLE NOT NULL,
    underdog_team_bet_amount DOUBLE NOT NULL,
    favored_team_spread_amount DOUBLE NOT NULL,
    underdog_team_spread_amount DOUBLE NOT NULL,
    PRIMARY KEY (bet_id)
);

INSERT INTO bet
    (better_id, favored_moneyline, underdog_moneyline, favored_team_bet_amount, underdog_team_bet_amount, favored_team_spread_amount, underdog_team_spread_amount)
VALUES
    (1, 15, 10, 326, 5, 3, 20);

CREATE TABLE odds (
    odds_ID INT NOT NULL AUTO_INCREMENT,
    calculated_favored_team_ml DOUBLE NOT NULL,
    calculated_underdog_team_ml DOUBLE NOT NULL,
    calcuated_underdog_total DOUBLE NOT NULL,
    calculated_favored_total DOUBLE NOT NULL,
    calculated_favored_spread DOUBLE NOT NULL,
    caclulated_underdog_spread DOUBLE NOT NULL,
    PRIMARY KEY (odds_ID)
);

insert into odds values (1, 166, 68, 16, 32, 2.89, 2.52);
insert into odds values (2, 140, 42, 12, 38, 2.35, 0.73);
insert into odds values (3, 134, 25, 13, 31, 1.88, 0.84);
insert into odds values (4, 101, 26, 19, 56, 1.44, 2.73);
insert into odds values (5, 144, 4, 14, 36, 1.94, 1.74);
insert into odds values (6, 105, 23, 8, 43, 1.6, 0.77);
insert into odds values (7, 103, 53, 25, 54, 0.33, 2.87);
insert into odds values (8, 110, 46, 14, 50, 1.62, 0.48);
insert into odds values (9, 181, 66, 8, 37, 2.29, 2.72);
insert into odds values (10, 125, 85, 14, 36, 0.97, 2.25);
insert into odds values (11, 123, 41, 22, 28, 0.86, 1.4);
insert into odds values (12, 197, 54, 16, 50, 1.12, 2.2);
insert into odds values (13, 141, 73, 11, 49, 0.94, 2.03);
insert into odds values (14, 183, 75, 7, 41, 1.24, 1.88);
insert into odds values (15, 117, 41, 22, 29, 2.9, 0.84);
insert into odds values (16, 177, 40, 24, 30, 1.07, 2.5);
insert into odds values (17, 156, 90, 7, 55, 0.3, 1.86);
insert into odds values (18, 128, 31, 11, 50, 1.27, 0.97);
insert into odds values (19, 171, 4, 15, 49, 2.12, 2.2);
insert into odds values (20, 184, 16, 15, 48, 2.61, 2.68);
insert into odds values (21, 119, 16, 17, 51, 0.91, 1.11);
insert into odds values (22, 120, 74, 18, 33, 1.65, 0.51);
insert into odds values (23, 170, 31, 16, 54, 1.91, 1.73);
insert into odds values (24, 162, 57, 9, 55, 0.64, 1.61);
insert into odds values (25, 142, 72, 11, 51, 1.17, 0.39);
insert into odds values (26, 148, 38, 19, 48, 0.47, 0.27);
insert into odds values (27, 133, 76, 21, 47, 1.56, 2.21);
insert into odds values (28, 120, 3, 20, 43, 0.53, 1.76);
insert into odds values (29, 133, 92, 19, 49, 1.71, 0.9);
insert into odds values (30, 113, 80, 23, 40, 1.85, 1.98);
insert into odds values (31, 149, 13, 15, 33, 1.75, 0.34);
insert into odds values (32, 142, 33, 9, 43, 2.83, 2.58);
insert into odds values (33, 180, 70, 23, 51, 1.54, 2.9);
insert into odds values (34, 109, 21, 26, 50, 0.65, 2.42);
insert into odds values (35, 153, 31, 8, 32, 0.7, 1.85);
insert into odds values (36, 142, 24, 26, 42, 2.66, 2.02);
insert into odds values (37, 101, 98, 27, 40, 1.77, 2.0);
insert into odds values (38, 122, 10, 16, 31, 2.66, 0.47);
insert into odds values (39, 154, 4, 23, 50, 2.69, 1.6);
insert into odds values (40, 105, 40, 25, 49, 0.75, 2.47);
insert into odds values (41, 188, 44, 11, 42, 1.18, 2.44);
insert into odds values (42, 117, 89, 15, 39, 0.94, 2.19);
insert into odds values (43, 160, 17, 26, 34, 1.31, 0.41);
insert into odds values (44, 112, 9, 14, 44, 0.3, 0.92);
insert into odds values (45, 119, 18, 11, 41, 2.44, 1.23);
insert into odds values (46, 154, 72, 23, 42, 0.9, 2.98);
insert into odds values (47, 166, 63, 13, 48, 1.33, 2.36);
insert into odds values (48, 160, 22, 25, 47, 0.83, 2.02);
insert into odds values (49, 131, 23, 13, 53, 2.77, 1.13);
insert into odds values (50, 170, 61, 13, 55, 1.24, 2.31);
insert into odds values (51, 196, 80, 8, 43, 0.5, 0.36);
insert into odds values (52, 106, 9, 25, 45, 2.86, 1.84);
insert into odds values (53, 186, 49, 21, 48, 0.67, 0.58);
insert into odds values (54, 193, 63, 9, 54, 1.86, 0.67);
insert into odds values (55, 109, 4, 26, 46, 2.64, 1.14);
insert into odds values (56, 175, 97, 9, 42, 2.57, 2.9);
insert into odds values (57, 112, 86, 13, 28, 2.87, 2.28);
insert into odds values (58, 146, 77, 15, 55, 0.52, 0.65);
insert into odds values (59, 129, 13, 9, 50, 0.38, 2.71);
insert into odds values (60, 116, 80, 10, 37, 0.51, 1.94);
insert into odds values (61, 185, 21, 27, 48, 1.91, 2.63);
insert into odds values (62, 158, 14, 15, 51, 1.43, 0.33);
insert into odds values (63, 175, 10, 16, 37, 1.0, 2.63);
insert into odds values (64, 142, 75, 25, 55, 2.62, 0.61);
insert into odds values (65, 133, 85, 25, 45, 0.31, 0.73);
insert into odds values (66, 184, 56, 13, 49, 2.58, 2.96);
insert into odds values (67, 180, 9, 12, 41, 0.38, 2.31);
insert into odds values (68, 169, 60, 21, 30, 1.08, 2.11);
insert into odds values (69, 165, 93, 25, 48, 1.48, 0.84);
insert into odds values (70, 111, 54, 16, 38, 1.92, 1.51);
insert into odds values (71, 133, 61, 16, 43, 1.58, 2.14);
insert into odds values (72, 111, 66, 14, 35, 0.41, 2.11);
insert into odds values (73, 148, 61, 9, 54, 0.51, 2.07);
insert into odds values (74, 182, 69, 18, 45, 1.58, 0.64);
insert into odds values (75, 145, 51, 12, 37, 2.64, 2.99);
insert into odds values (76, 190, 67, 18, 39, 1.53, 1.19);
insert into odds values (77, 157, 31, 17, 34, 1.32, 2.45);
insert into odds values (78, 170, 43, 10, 28, 1.89, 2.7);
insert into odds values (79, 113, 38, 22, 38, 2.52, 2.84);
insert into odds values (80, 150, 22, 23, 53, 2.3, 2.4);
insert into odds values (81, 109, 86, 7, 39, 0.5, 2.39);
insert into odds values (82, 125, 3, 18, 47, 2.99, 0.99);
insert into odds values (83, 137, 82, 25, 51, 2.22, 1.04);
insert into odds values (84, 128, 72, 12, 32, 1.82, 2.08);
insert into odds values (85, 177, 28, 12, 34, 2.03, 0.83);
insert into odds values (86, 102, 42, 10, 46, 1.63, 2.89);
insert into odds values (87, 182, 83, 25, 43, 1.53, 1.3);
insert into odds values (88, 132, 98, 22, 31, 2.58, 0.68);
insert into odds values (89, 135, 79, 16, 53, 0.78, 0.97);
insert into odds values (90, 162, 65, 19, 55, 0.65, 0.96);
insert into odds values (91, 175, 12, 24, 39, 1.13, 2.33);
insert into odds values (92, 106, 85, 11, 34, 0.33, 1.83);
insert into odds values (93, 118, 80, 18, 38, 1.89, 2.33);
insert into odds values (94, 108, 25, 14, 30, 2.39, 1.49);
insert into odds values (95, 167, 10, 7, 36, 2.64, 0.6);
insert into odds values (96, 107, 61, 25, 42, 0.87, 2.41);
insert into odds values (97, 123, 62, 7, 31, 1.89, 1.28);
insert into odds values (98, 174, 18, 15, 53, 1.91, 0.69);
insert into odds values (99, 145, 12, 13, 53, 0.43, 1.66);
insert into odds values (100, 118, 26, 7, 28, 2.91, 0.96);
insert into odds values (101, 123, 98, 11, 52, 1.46, 2.46);
insert into odds values (102, 182, 57, 16, 50, 0.3, 1.55);
insert into odds values (103, 186, 27, 8, 43, 1.74, 2.11);
insert into odds values (104, 110, 96, 10, 55, 2.92, 0.85);
insert into odds values (105, 141, 78, 23, 49, 2.78, 2.05);
insert into odds values (106, 105, 88, 13, 39, 1.36, 1.8);
insert into odds values (107, 170, 90, 21, 38, 1.76, 0.84);
insert into odds values (108, 180, 35, 25, 36, 1.16, 0.34);
insert into odds values (109, 194, 43, 14, 56, 0.99, 1.28);
insert into odds values (110, 178, 92, 10, 34, 0.72, 1.62);
insert into odds values (111, 160, 37, 7, 46, 1.28, 2.68);
insert into odds values (112, 118, 18, 26, 36, 2.08, 2.36);
insert into odds values (113, 130, 7, 19, 37, 2.18, 1.8);
insert into odds values (114, 116, 39, 14, 44, 1.52, 0.83);
insert into odds values (115, 159, 84, 26, 42, 1.6, 1.66);
insert into odds values (116, 153, 9, 7, 46, 0.7, 0.26);
insert into odds values (117, 180, 43, 17, 46, 2.2, 2.73);
insert into odds values (118, 104, 50, 8, 49, 1.14, 2.87);
insert into odds values (119, 116, 67, 24, 33, 0.78, 0.86);
insert into odds values (120, 188, 96, 22, 34, 2.58, 2.56);
insert into odds values (121, 126, 54, 15, 44, 1.25, 1.79);
insert into odds values (122, 108, 71, 15, 41, 0.69, 0.79);
insert into odds values (123, 116, 76, 24, 34, 2.27, 0.98);
insert into odds values (124, 131, 94, 15, 49, 1.5, 2.94);
insert into odds values (125, 169, 94, 27, 42, 0.71, 0.55);
insert into odds values (126, 160, 50, 11, 52, 1.97, 2.72);
insert into odds values (127, 194, 8, 23, 44, 1.52, 2.19);
insert into odds values (128, 164, 45, 23, 34, 0.28, 1.97);
insert into odds values (129, 171, 65, 25, 54, 0.69, 2.28);
insert into odds values (130, 146, 47, 13, 47, 0.94, 1.32);
insert into odds values (131, 181, 11, 18, 46, 1.21, 0.92);
insert into odds values (132, 127, 24, 11, 49, 1.77, 2.7);
insert into odds values (133, 191, 84, 27, 50, 1.02, 1.65);
insert into odds values (134, 154, 75, 12, 39, 0.81, 2.86);
insert into odds values (135, 192, 7, 7, 55, 1.89, 2.47);
insert into odds values (136, 194, 37, 27, 29, 0.8, 2.56);
insert into odds values (137, 101, 48, 27, 48, 1.59, 2.24);
insert into odds values (138, 116, 51, 11, 55, 0.91, 0.51);
insert into odds values (139, 130, 71, 14, 54, 0.79, 2.88);
insert into odds values (140, 162, 33, 20, 56, 1.77, 1.16);
insert into odds values (141, 137, 86, 14, 47, 0.74, 1.05);
insert into odds values (142, 106, 81, 17, 49, 2.02, 0.51);
insert into odds values (143, 175, 58, 23, 39, 2.28, 2.7);
insert into odds values (144, 124, 71, 20, 41, 1.68, 1.4);
insert into odds values (145, 164, 38, 25, 29, 1.23, 1.34);
insert into odds values (146, 104, 78, 7, 35, 2.79, 2.03);
insert into odds values (147, 148, 65, 14, 38, 2.18, 1.74);
insert into odds values (148, 180, 83, 9, 42, 1.57, 0.32);
insert into odds values (149, 181, 26, 19, 38, 0.4, 2.54);
insert into odds values (150, 128, 84, 27, 48, 1.07, 2.19);
insert into odds values (151, 142, 40, 8, 53, 2.66, 1.01);
insert into odds values (152, 157, 78, 8, 50, 2.98, 2.96);
insert into odds values (153, 140, 89, 12, 33, 0.29, 1.13);
insert into odds values (154, 168, 21, 24, 53, 1.92, 2.91);
insert into odds values (155, 142, 97, 25, 41, 0.68, 1.6);
insert into odds values (156, 150, 99, 24, 53, 1.9, 2.14);
insert into odds values (157, 109, 17, 10, 40, 2.42, 2.45);
insert into odds values (158, 126, 44, 8, 30, 2.91, 2.18);
insert into odds values (159, 164, 8, 18, 54, 2.88, 1.95);
insert into odds values (160, 105, 16, 24, 41, 0.99, 0.47);
insert into odds values (161, 191, 50, 21, 29, 2.78, 1.15);
insert into odds values (162, 139, 11, 17, 30, 1.15, 2.65);
insert into odds values (163, 178, 96, 10, 31, 2.17, 1.21);
insert into odds values (164, 102, 94, 13, 45, 2.18, 1.61);
insert into odds values (165, 130, 48, 22, 50, 2.43, 1.15);
insert into odds values (166, 125, 83, 16, 50, 1.25, 0.79);
insert into odds values (167, 167, 71, 20, 46, 1.75, 0.29);
insert into odds values (168, 109, 65, 11, 30, 1.44, 2.83);
insert into odds values (169, 178, 74, 7, 43, 0.92, 0.87);
insert into odds values (170, 110, 51, 20, 50, 2.51, 1.18);
insert into odds values (171, 193, 61, 21, 31, 1.34, 2.46);
insert into odds values (172, 199, 56, 8, 52, 1.91, 0.85);
insert into odds values (173, 136, 87, 25, 52, 1.38, 0.32);
insert into odds values (174, 121, 45, 21, 29, 0.6, 1.41);
insert into odds values (175, 148, 63, 11, 56, 2.44, 1.81);
insert into odds values (176, 198, 53, 11, 49, 1.38, 0.66);
insert into odds values (177, 135, 82, 15, 53, 1.56, 1.12);
insert into odds values (178, 115, 31, 25, 39, 1.74, 1.11);
insert into odds values (179, 185, 27, 27, 55, 0.98, 2.45);
insert into odds values (180, 155, 45, 13, 46, 0.35, 1.49);
insert into odds values (181, 133, 61, 12, 36, 1.67, 0.92);
insert into odds values (182, 104, 26, 22, 38, 0.34, 2.34);
insert into odds values (183, 135, 71, 16, 49, 2.66, 1.84);
insert into odds values (184, 171, 35, 24, 51, 2.28, 1.3);
insert into odds values (185, 157, 5, 7, 33, 1.87, 1.11);
insert into odds values (186, 197, 43, 10, 29, 0.34, 1.75);
insert into odds values (187, 189, 60, 21, 38, 2.28, 0.55);
insert into odds values (188, 154, 69, 11, 44, 2.71, 2.82);
insert into odds values (189, 169, 35, 17, 45, 2.81, 2.82);
insert into odds values (190, 152, 15, 16, 29, 1.74, 2.75);
insert into odds values (191, 199, 78, 23, 42, 0.96, 2.14);
insert into odds values (192, 176, 69, 12, 34, 2.66, 0.96);
insert into odds values (193, 148, 55, 23, 39, 2.47, 2.55);
insert into odds values (194, 136, 82, 11, 33, 2.66, 1.71);
insert into odds values (195, 140, 64, 24, 45, 0.44, 0.63);
insert into odds values (196, 190, 28, 16, 47, 1.12, 2.86);
insert into odds values (197, 187, 80, 17, 56, 1.55, 2.75);
insert into odds values (198, 131, 48, 9, 52, 1.28, 2.98);
insert into odds values (199, 147, 50, 17, 42, 0.35, 0.4);
insert into odds values (200, 120, 57, 19, 46, 1.25, 2.21);
insert into odds values (201, 115, 6, 24, 44, 1.09, 1.14);
insert into odds values (202, 198, 98, 24, 28, 1.18, 1.3);
insert into odds values (203, 162, 55, 13, 45, 1.34, 2.19);
insert into odds values (204, 111, 25, 11, 53, 2.97, 2.43);
insert into odds values (205, 192, 77, 7, 41, 2.91, 0.53);
insert into odds values (206, 199, 57, 24, 44, 1.77, 2.26);
insert into odds values (207, 119, 36, 17, 33, 2.77, 2.58);
insert into odds values (208, 187, 4, 18, 40, 0.43, 1.18);
insert into odds values (209, 162, 57, 16, 38, 0.36, 0.47);
insert into odds values (210, 101, 32, 7, 45, 2.4, 0.68);
insert into odds values (211, 125, 20, 12, 41, 0.98, 1.3);
insert into odds values (212, 199, 69, 13, 53, 2.15, 2.16);
insert into odds values (213, 134, 78, 24, 55, 0.75, 1.15);
insert into odds values (214, 189, 43, 16, 55, 1.7, 0.44);
insert into odds values (215, 119, 54, 24, 33, 0.37, 0.44);
insert into odds values (216, 137, 35, 8, 54, 2.39, 1.57);
insert into odds values (217, 155, 40, 14, 52, 1.11, 0.45);
insert into odds values (218, 125, 79, 18, 44, 2.6, 0.71);
insert into odds values (219, 127, 28, 19, 41, 0.88, 2.03);
insert into odds values (220, 154, 54, 9, 41, 2.94, 1.84);
insert into odds values (221, 171, 14, 21, 37, 1.2, 1.44);
insert into odds values (222, 176, 85, 7, 39, 2.72, 2.86);
insert into odds values (223, 178, 94, 23, 35, 2.65, 1.19);
insert into odds values (224, 193, 15, 12, 38, 1.18, 2.5);
insert into odds values (225, 181, 51, 8, 48, 2.63, 1.97);
insert into odds values (226, 149, 40, 25, 34, 2.1, 1.21);
insert into odds values (227, 198, 83, 21, 30, 0.48, 2.22);
insert into odds values (228, 162, 58, 24, 33, 1.19, 0.91);
insert into odds values (229, 107, 57, 24, 36, 0.35, 2.99);
insert into odds values (230, 122, 80, 11, 43, 1.77, 1.23);
insert into odds values (231, 102, 9, 15, 38, 0.33, 2.78);
insert into odds values (232, 170, 50, 24, 56, 1.33, 0.54);
insert into odds values (233, 142, 8, 7, 42, 0.57, 2.2);
insert into odds values (234, 170, 37, 27, 55, 2.83, 2.99);
insert into odds values (235, 104, 35, 23, 52, 1.25, 0.86);
insert into odds values (236, 144, 74, 22, 43, 0.35, 2.67);
insert into odds values (237, 141, 82, 10, 36, 2.53, 2.76);
insert into odds values (238, 135, 51, 22, 29, 1.81, 0.79);
insert into odds values (239, 167, 37, 19, 51, 1.99, 2.11);
insert into odds values (240, 193, 32, 27, 28, 2.67, 1.15);
insert into odds values (241, 177, 81, 13, 39, 1.23, 1.59);
insert into odds values (242, 125, 50, 26, 28, 1.83, 1.12);
insert into odds values (243, 180, 34, 23, 41, 2.85, 1.35);
insert into odds values (244, 144, 70, 24, 34, 1.77, 2.66);
insert into odds values (245, 179, 23, 15, 32, 1.65, 1.77);
insert into odds values (246, 157, 56, 12, 39, 0.54, 1.97);
insert into odds values (247, 156, 82, 10, 34, 2.56, 1.76);
insert into odds values (248, 103, 52, 18, 52, 1.26, 1.69);
insert into odds values (249, 126, 88, 26, 42, 1.34, 2.02);
insert into odds values (250, 113, 66, 8, 30, 0.94, 0.94);
insert into odds values (251, 141, 58, 15, 42, 0.26, 0.68);
insert into odds values (252, 195, 49, 17, 44, 1.02, 0.61);
insert into odds values (253, 174, 67, 7, 43, 1.3, 1.06);
insert into odds values (254, 137, 91, 7, 47, 0.84, 0.68);
insert into odds values (255, 109, 50, 25, 39, 2.57, 2.6);
insert into odds values (256, 106, 84, 10, 31, 1.83, 2.42);
insert into odds values (257, 108, 18, 27, 30, 0.38, 2.13);
insert into odds values (258, 123, 74, 21, 37, 1.52, 2.03);
insert into odds values (259, 145, 59, 22, 53, 1.3, 2.25);
insert into odds values (260, 117, 26, 12, 29, 1.48, 2.36);
insert into odds values (261, 120, 52, 18, 36, 0.34, 1.81);
insert into odds values (262, 165, 66, 18, 46, 2.67, 2.14);
insert into odds values (263, 155, 37, 14, 31, 2.89, 2.35);
insert into odds values (264, 172, 86, 8, 41, 1.13, 0.7);
insert into odds values (265, 198, 98, 20, 40, 2.53, 1.83);
insert into odds values (266, 169, 3, 16, 49, 0.42, 0.62);
insert into odds values (267, 115, 4, 17, 34, 0.45, 0.85);
insert into odds values (268, 149, 98, 27, 44, 0.28, 1.35);
insert into odds values (269, 101, 21, 15, 56, 0.62, 1.0);
insert into odds values (270, 196, 89, 12, 37, 1.86, 2.77);
insert into odds values (271, 149, 36, 11, 48, 2.76, 2.93);
insert into odds values (272, 176, 59, 11, 46, 2.89, 1.96);

-- Another idea would probably be doing away with odds_and_bets and adding a oddsID to a bet. This isn't necessary, but
-- it would make it cleaner.
CREATE TABLE odds_and_bets(
    oddsID INT NOT NULL,
    betID INT NOT NULL,
    FOREIGN KEY (oddsID) REFERENCES odds (odds_ID),
    FOREIGN KEY (betID) REFERENCES bet (bet_id)
);

INSERT INTO odds_and_bets
VALUES
    (1, 1);

CREATE TABLE game (
    game_id INT NOT NULL AUTO_INCREMENT,
    homeTeam VARCHAR(30) NOT NULL,
    awayTeam VARCHAR(30) NOT NULL,
    gameStatus VARCHAR(30) NOT NULL,
    homeResult VARCHAR(5),
    awayResult VARCHAR(5),
    finalScore VARCHAR(20),
    weather VARCHAR(30) NOT NULL,
    scheduleID INT NOT NULL,
    oddsID INT NOT NULL,
    PRIMARY KEY (game_id),
    FOREIGN KEY (homeTeam) REFERENCES team (teamName),
    FOREIGN KEY (awayTeam) REFERENCES team (teamName),
    FOREIGN KEY (scheduleID) REFERENCES schedule (schedule_id),
    FOREIGN KEY (oddsID) REFERENCES odds (odds_ID)
);

insert into game values (1, 'Arizona Cardinals', 'Arizona Cardinals', 'Completed', 'Win', 'Loss', '63-11', 'Raining', 1, 1);
insert into game values (2, 'Arizona Cardinals', 'Atlanta Falcons', 'Ongoing', 'Loss', 'Win', '0-9', 'Raining', 1, 2);
insert into game values (3, 'Arizona Cardinals', 'Baltimore Ravens', 'Completed', 'Win', 'Loss', '4-6', 'Snowing', 1, 3);
insert into game values (4, 'Arizona Cardinals', 'Buffalo Bills', 'Completed', 'Loss', 'Win', '11-42', 'Windy', 1, 4);
insert into game values (5, 'Arizona Cardinals', 'Carolina Panthers', 'Completed', 'Win', 'Loss', '33-27', 'Sunny', 1, 5);
insert into game values (6, 'Arizona Cardinals', 'Chicago Bears', 'Ongoing', 'Loss', 'Win', '11-42', 'Sunny', 1, 6);
insert into game values (7, 'Arizona Cardinals', 'Dallas Cowboys', 'Completed', 'Win', 'Loss', '23-56', 'Overcast', 1, 7);
insert into game values (8, 'Arizona Cardinals', 'Detroit Lions', 'Ongoing', 'Loss', 'Win', '23-56', 'Overcast', 1, 8);
insert into game values (9, 'Arizona Cardinals', 'Green Bay Packers', 'Upcoming', 'Win', 'Loss', '18-40', 'Overcast', 1, 9);
insert into game values (10, 'Arizona Cardinals', 'Los Angeles Rams', 'Upcoming', 'Loss', 'Win', '11-42', 'Raining', 1, 10);
insert into game values (11, 'Arizona Cardinals', 'Minnesota Vikings', 'Upcoming', 'Win', 'Loss', '11-42', 'Raining', 1, 11);
insert into game values (12, 'Arizona Cardinals', 'New Orleans Saints', 'Completed', 'Loss', 'Win', '11-42', 'Snowing', 1, 12);
insert into game values (13, 'Arizona Cardinals', 'New York Giants', 'Ongoing', 'Win', 'Loss', '63-11', 'Cloud Coverage', 1, 13);
insert into game values (14, 'Arizona Cardinals', 'Philadelphia Eagles', 'Upcoming', 'Loss', 'Win', '0-9', 'Sunny', 1, 14);
insert into game values (15, 'Arizona Cardinals', 'San Francisco 49ers', 'Ongoing', 'Win', 'Loss', '23-56', 'Overcast', 1, 15);
insert into game values (16, 'Arizona Cardinals', 'Seattle Seahawks', 'Upcoming', 'Loss', 'Win', '18-40', 'Snowing', 1, 16);
insert into game values (17, 'Arizona Cardinals', 'Tampa Bay Buccaneers', 'Upcoming', 'Win', 'Loss', '0-9', 'Cloud Coverage', 1, 17);
insert into game values (18, 'Arizona Cardinals', 'Washington Commanders', 'Completed', 'Loss', 'Win', '20-12', 'Raining', 1, 18);
insert into game values (19, 'Arizona Cardinals', 'Cincinnati Bengals', 'Completed', 'Win', 'Loss', '18-40', 'Snowing', 1, 19);
insert into game values (20, 'Arizona Cardinals', 'Cleveland Browns', 'Ongoing', 'Loss', 'Win', '30-23', 'Snowing', 1, 20);
insert into game values (21, 'Arizona Cardinals', 'Denver Broncos', 'Completed', 'Win', 'Loss', '20-12', 'Snowing', 1, 21);
insert into game values (22, 'Arizona Cardinals', 'Houston Texans', 'Ongoing', 'Loss', 'Win', '33-27', 'Raining', 1, 22);
insert into game values (23, 'Arizona Cardinals', 'Indianapolis Colts', 'Completed', 'Win', 'Loss', '4-6', 'Cloud Coverage', 1, 23);
insert into game values (24, 'Arizona Cardinals', 'Jacksonville Jaguars', 'Upcoming', 'Loss', 'Win', '11-42', 'Snowing', 1, 24);
insert into game values (25, 'Arizona Cardinals', 'Kansas City Chiefs', 'Upcoming', 'Win', 'Loss', '33-27', 'Overcast', 1, 25);
insert into game values (26, 'Arizona Cardinals', 'Las Vegas Raiders', 'Completed', 'Loss', 'Win', '23-56', 'Windy', 1, 26);
insert into game values (27, 'Arizona Cardinals', 'Los Angeles Chargers', 'Completed', 'Win', 'Loss', '22-1', 'Cloud Coverage', 1, 27);
insert into game values (28, 'Arizona Cardinals', 'Miami Dolphins', 'Upcoming', 'Loss', 'Win', '33-27', 'Windy', 1, 28);
insert into game values (29, 'Arizona Cardinals', 'New England Patriots', 'Completed', 'Win', 'Loss', '22-1', 'Raining', 1, 29);
insert into game values (30, 'Arizona Cardinals', 'New York Jets', 'Upcoming', 'Loss', 'Win', '18-40', 'Raining', 1, 30);
insert into game values (31, 'Arizona Cardinals', 'Pittsburgh Steelers', 'Completed', 'Win', 'Loss', '11-42', 'Windy', 1, 31);
insert into game values (32, 'Arizona Cardinals', 'Tennessee Titans', 'Completed', 'Loss', 'Win', '23-56', 'Cloud Coverage', 1, 32);
insert into game values (33, 'Atlanta Falcons', 'Arizona Cardinals', 'Ongoing', 'Win', 'Loss', '30-23', 'Snowing', 1, 33);
insert into game values (34, 'Atlanta Falcons', 'Atlanta Falcons', 'Completed', 'Loss', 'Win', '33-27', 'Windy', 1, 34);
insert into game values (35, 'Atlanta Falcons', 'Baltimore Ravens', 'Completed', 'Win', 'Loss', '33-27', 'Raining', 1, 35);
insert into game values (36, 'Atlanta Falcons', 'Buffalo Bills', 'Ongoing', 'Loss', 'Win', '4-6', 'Cloud Coverage', 1, 36);
insert into game values (37, 'Atlanta Falcons', 'Carolina Panthers', 'Ongoing', 'Win', 'Loss', '4-6', 'Sunny', 1, 37);
insert into game values (38, 'Atlanta Falcons', 'Chicago Bears', 'Completed', 'Loss', 'Win', '30-23', 'Overcast', 1, 38);
insert into game values (39, 'Atlanta Falcons', 'Dallas Cowboys', 'Ongoing', 'Win', 'Loss', '22-1', 'Snowing', 1, 39);
insert into game values (40, 'Atlanta Falcons', 'Detroit Lions', 'Upcoming', 'Loss', 'Win', '18-40', 'Snowing', 1, 40);
insert into game values (41, 'Atlanta Falcons', 'Green Bay Packers', 'Upcoming', 'Win', 'Loss', '63-11', 'Overcast', 1, 41);
insert into game values (42, 'Atlanta Falcons', 'Los Angeles Rams', 'Completed', 'Loss', 'Win', '18-40', 'Cloud Coverage', 1, 42);
insert into game values (43, 'Atlanta Falcons', 'Minnesota Vikings', 'Upcoming', 'Win', 'Loss', '0-9', 'Snowing', 1, 43);
insert into game values (44, 'Atlanta Falcons', 'New Orleans Saints', 'Upcoming', 'Loss', 'Win', '33-27', 'Overcast', 1, 44);
insert into game values (45, 'Atlanta Falcons', 'New York Giants', 'Ongoing', 'Win', 'Loss', '11-42', 'Cloud Coverage', 1, 45);
insert into game values (46, 'Atlanta Falcons', 'Philadelphia Eagles', 'Ongoing', 'Loss', 'Win', '4-6', 'Windy', 1, 46);
insert into game values (47, 'Atlanta Falcons', 'San Francisco 49ers', 'Upcoming', 'Win', 'Loss', '20-12', 'Overcast', 1, 47);
insert into game values (48, 'Atlanta Falcons', 'Seattle Seahawks', 'Ongoing', 'Loss', 'Win', '22-1', 'Windy', 1, 48);
insert into game values (49, 'Atlanta Falcons', 'Tampa Bay Buccaneers', 'Ongoing', 'Win', 'Loss', '20-12', 'Raining', 1, 49);
insert into game values (50, 'Atlanta Falcons', 'Washington Commanders', 'Ongoing', 'Loss', 'Win', '63-11', 'Windy', 1, 50);
insert into game values (51, 'Atlanta Falcons', 'Cincinnati Bengals', 'Ongoing', 'Win', 'Loss', '4-6', 'Overcast', 1, 51);
insert into game values (52, 'Atlanta Falcons', 'Cleveland Browns', 'Completed', 'Loss', 'Win', '20-12', 'Sunny', 1, 52);
insert into game values (53, 'Atlanta Falcons', 'Denver Broncos', 'Completed', 'Win', 'Loss', '63-11', 'Overcast', 1, 53);
insert into game values (54, 'Atlanta Falcons', 'Houston Texans', 'Upcoming', 'Loss', 'Win', '11-42', 'Windy', 1, 54);
insert into game values (55, 'Atlanta Falcons', 'Indianapolis Colts', 'Upcoming', 'Win', 'Loss', '0-9', 'Raining', 1, 55);
insert into game values (56, 'Atlanta Falcons', 'Jacksonville Jaguars', 'Ongoing', 'Loss', 'Win', '20-12', 'Raining', 1, 56);
insert into game values (57, 'Atlanta Falcons', 'Kansas City Chiefs', 'Ongoing', 'Win', 'Loss', '22-1', 'Sunny', 1, 57);
insert into game values (58, 'Atlanta Falcons', 'Las Vegas Raiders', 'Upcoming', 'Loss', 'Win', '22-1', 'Cloud Coverage', 1, 58);
insert into game values (59, 'Atlanta Falcons', 'Los Angeles Chargers', 'Completed', 'Win', 'Loss', '23-56', 'Snowing', 1, 59);
insert into game values (60, 'Atlanta Falcons', 'Miami Dolphins', 'Ongoing', 'Loss', 'Win', '63-11', 'Snowing', 1, 60);
insert into game values (61, 'Atlanta Falcons', 'New England Patriots', 'Upcoming', 'Win', 'Loss', '0-9', 'Snowing', 1, 61);
insert into game values (62, 'Atlanta Falcons', 'New York Jets', 'Ongoing', 'Loss', 'Win', '20-12', 'Overcast', 1, 62);
insert into game values (63, 'Atlanta Falcons', 'Pittsburgh Steelers', 'Completed', 'Win', 'Loss', '4-6', 'Windy', 1, 63);
insert into game values (64, 'Atlanta Falcons', 'Tennessee Titans', 'Ongoing', 'Loss', 'Win', '20-12', 'Overcast', 1, 64);
insert into game values (65, 'Baltimore Ravens', 'Arizona Cardinals', 'Ongoing', 'Win', 'Loss', '4-6', 'Overcast', 1, 65);
insert into game values (66, 'Baltimore Ravens', 'Atlanta Falcons', 'Ongoing', 'Loss', 'Win', '63-11', 'Cloud Coverage', 1, 66);
insert into game values (67, 'Baltimore Ravens', 'Baltimore Ravens', 'Completed', 'Win', 'Loss', '0-9', 'Windy', 1, 67);
insert into game values (68, 'Baltimore Ravens', 'Buffalo Bills', 'Completed', 'Loss', 'Win', '4-6', 'Overcast', 1, 68);
insert into game values (69, 'Baltimore Ravens', 'Carolina Panthers', 'Ongoing', 'Win', 'Loss', '63-11', 'Windy', 1, 69);
insert into game values (70, 'Baltimore Ravens', 'Chicago Bears', 'Ongoing', 'Loss', 'Win', '33-27', 'Windy', 1, 70);
insert into game values (71, 'Baltimore Ravens', 'Dallas Cowboys', 'Ongoing', 'Win', 'Loss', '20-12', 'Snowing', 1, 71);
insert into game values (72, 'Baltimore Ravens', 'Detroit Lions', 'Ongoing', 'Loss', 'Win', '23-56', 'Sunny', 1, 72);
insert into game values (73, 'Baltimore Ravens', 'Green Bay Packers', 'Upcoming', 'Win', 'Loss', '30-23', 'Windy', 1, 73);
insert into game values (74, 'Baltimore Ravens', 'Los Angeles Rams', 'Upcoming', 'Loss', 'Win', '20-12', 'Raining', 1, 74);
insert into game values (75, 'Baltimore Ravens', 'Minnesota Vikings', 'Upcoming', 'Win', 'Loss', '20-12', 'Overcast', 1, 75);
insert into game values (76, 'Baltimore Ravens', 'New Orleans Saints', 'Completed', 'Loss', 'Win', '30-23', 'Windy', 1, 76);
insert into game values (77, 'Baltimore Ravens', 'New York Giants', 'Ongoing', 'Win', 'Loss', '63-11', 'Overcast', 1, 77);
insert into game values (78, 'Baltimore Ravens', 'Philadelphia Eagles', 'Ongoing', 'Loss', 'Win', '11-42', 'Overcast', 1, 78);
insert into game values (79, 'Baltimore Ravens', 'San Francisco 49ers', 'Ongoing', 'Win', 'Loss', '22-1', 'Cloud Coverage', 1, 79);
insert into game values (80, 'Baltimore Ravens', 'Seattle Seahawks', 'Ongoing', 'Loss', 'Win', '18-40', 'Raining', 1, 80);
insert into game values (81, 'Baltimore Ravens', 'Tampa Bay Buccaneers', 'Upcoming', 'Win', 'Loss', '63-11', 'Overcast', 1, 81);
insert into game values (82, 'Baltimore Ravens', 'Washington Commanders', 'Upcoming', 'Loss', 'Win', '20-12', 'Windy', 1, 82);
insert into game values (83, 'Baltimore Ravens', 'Cincinnati Bengals', 'Completed', 'Win', 'Loss', '30-23', 'Overcast', 1, 83);
insert into game values (84, 'Baltimore Ravens', 'Cleveland Browns', 'Ongoing', 'Loss', 'Win', '23-56', 'Sunny', 1, 84);
insert into game values (85, 'Baltimore Ravens', 'Denver Broncos', 'Ongoing', 'Win', 'Loss', '18-40', 'Raining', 1, 85);
insert into game values (86, 'Baltimore Ravens', 'Houston Texans', 'Upcoming', 'Loss', 'Win', '33-27', 'Windy', 1, 86);
insert into game values (87, 'Baltimore Ravens', 'Indianapolis Colts', 'Completed', 'Win', 'Loss', '23-56', 'Windy', 1, 87);
insert into game values (88, 'Baltimore Ravens', 'Jacksonville Jaguars', 'Completed', 'Loss', 'Win', '33-27', 'Snowing', 1, 88);
insert into game values (89, 'Baltimore Ravens', 'Kansas City Chiefs', 'Ongoing', 'Win', 'Loss', '30-23', 'Windy', 1, 89);
insert into game values (90, 'Baltimore Ravens', 'Las Vegas Raiders', 'Upcoming', 'Loss', 'Win', '20-12', 'Snowing', 1, 90);
insert into game values (91, 'Baltimore Ravens', 'Los Angeles Chargers', 'Upcoming', 'Win', 'Loss', '33-27', 'Cloud Coverage', 1, 91);
insert into game values (92, 'Baltimore Ravens', 'Miami Dolphins', 'Completed', 'Loss', 'Win', '63-11', 'Snowing', 1, 92);
insert into game values (93, 'Baltimore Ravens', 'New England Patriots', 'Completed', 'Win', 'Loss', '0-9', 'Cloud Coverage', 1, 93);
insert into game values (94, 'Baltimore Ravens', 'New York Jets', 'Completed', 'Loss', 'Win', '4-6', 'Sunny', 1, 94);
insert into game values (95, 'Baltimore Ravens', 'Pittsburgh Steelers', 'Completed', 'Win', 'Loss', '63-11', 'Sunny', 1, 95);
insert into game values (96, 'Baltimore Ravens', 'Tennessee Titans', 'Completed', 'Loss', 'Win', '23-56', 'Windy', 1, 96);
insert into game values (97, 'Buffalo Bills', 'Arizona Cardinals', 'Upcoming', 'Win', 'Loss', '33-27', 'Sunny', 1, 97);
insert into game values (98, 'Buffalo Bills', 'Atlanta Falcons', 'Upcoming', 'Loss', 'Win', '11-42', 'Windy', 1, 98);
insert into game values (99, 'Buffalo Bills', 'Baltimore Ravens', 'Completed', 'Win', 'Loss', '20-12', 'Overcast', 1, 99);
insert into game values (100, 'Buffalo Bills', 'Buffalo Bills', 'Completed', 'Loss', 'Win', '33-27', 'Windy', 1, 100);
insert into game values (101, 'Buffalo Bills', 'Carolina Panthers', 'Completed', 'Win', 'Loss', '20-12', 'Sunny', 1, 101);
insert into game values (102, 'Buffalo Bills', 'Chicago Bears', 'Upcoming', 'Loss', 'Win', '30-23', 'Raining', 1, 102);
insert into game values (103, 'Buffalo Bills', 'Dallas Cowboys', 'Ongoing', 'Win', 'Loss', '22-1', 'Sunny', 1, 103);
insert into game values (104, 'Buffalo Bills', 'Detroit Lions', 'Completed', 'Loss', 'Win', '11-42', 'Sunny', 1, 104);
insert into game values (105, 'Buffalo Bills', 'Green Bay Packers', 'Completed', 'Win', 'Loss', '20-12', 'Snowing', 1, 105);
insert into game values (106, 'Buffalo Bills', 'Los Angeles Rams', 'Upcoming', 'Loss', 'Win', '63-11', 'Sunny', 1, 106);
insert into game values (107, 'Buffalo Bills', 'Minnesota Vikings', 'Completed', 'Win', 'Loss', '63-11', 'Overcast', 1, 107);
insert into game values (108, 'Buffalo Bills', 'New Orleans Saints', 'Upcoming', 'Loss', 'Win', '0-9', 'Raining', 1, 108);
insert into game values (109, 'Buffalo Bills', 'New York Giants', 'Upcoming', 'Win', 'Loss', '63-11', 'Raining', 1, 109);
insert into game values (110, 'Buffalo Bills', 'Philadelphia Eagles', 'Ongoing', 'Loss', 'Win', '63-11', 'Overcast', 1, 110);
insert into game values (111, 'Buffalo Bills', 'San Francisco 49ers', 'Completed', 'Win', 'Loss', '20-12', 'Windy', 1, 111);
insert into game values (112, 'Buffalo Bills', 'Seattle Seahawks', 'Upcoming', 'Loss', 'Win', '11-42', 'Overcast', 1, 112);
insert into game values (113, 'Buffalo Bills', 'Tampa Bay Buccaneers', 'Completed', 'Win', 'Loss', '63-11', 'Overcast', 1, 113);
insert into game values (114, 'Buffalo Bills', 'Washington Commanders', 'Completed', 'Loss', 'Win', '30-23', 'Overcast', 1, 114);
insert into game values (115, 'Buffalo Bills', 'Cincinnati Bengals', 'Completed', 'Win', 'Loss', '63-11', 'Sunny', 1, 115);
insert into game values (116, 'Buffalo Bills', 'Cleveland Browns', 'Upcoming', 'Loss', 'Win', '22-1', 'Raining', 1, 116);
insert into game values (117, 'Buffalo Bills', 'Denver Broncos', 'Completed', 'Win', 'Loss', '4-6', 'Windy', 1, 117);
insert into game values (118, 'Buffalo Bills', 'Houston Texans', 'Ongoing', 'Loss', 'Win', '18-40', 'Overcast', 1, 118);
insert into game values (119, 'Buffalo Bills', 'Indianapolis Colts', 'Completed', 'Win', 'Loss', '33-27', 'Raining', 1, 119);
insert into game values (120, 'Buffalo Bills', 'Jacksonville Jaguars', 'Ongoing', 'Loss', 'Win', '22-1', 'Cloud Coverage', 1, 120);
insert into game values (121, 'Buffalo Bills', 'Kansas City Chiefs', 'Completed', 'Win', 'Loss', '22-1', 'Raining', 1, 121);
insert into game values (122, 'Buffalo Bills', 'Las Vegas Raiders', 'Upcoming', 'Loss', 'Win', '18-40', 'Snowing', 1, 122);
insert into game values (123, 'Buffalo Bills', 'Los Angeles Chargers', 'Upcoming', 'Win', 'Loss', '33-27', 'Windy', 1, 123);
insert into game values (124, 'Buffalo Bills', 'Miami Dolphins', 'Completed', 'Loss', 'Win', '4-6', 'Overcast', 1, 124);
insert into game values (125, 'Buffalo Bills', 'New England Patriots', 'Upcoming', 'Win', 'Loss', '20-12', 'Snowing', 1, 125);
insert into game values (126, 'Buffalo Bills', 'New York Jets', 'Upcoming', 'Loss', 'Win', '33-27', 'Windy', 1, 126);
insert into game values (127, 'Buffalo Bills', 'Pittsburgh Steelers', 'Ongoing', 'Win', 'Loss', '18-40', 'Windy', 1, 127);
insert into game values (128, 'Buffalo Bills', 'Tennessee Titans', 'Ongoing', 'Loss', 'Win', '23-56', 'Snowing', 1, 128);
insert into game values (129, 'Carolina Panthers', 'Arizona Cardinals', 'Completed', 'Win', 'Loss', '23-56', 'Overcast', 1, 129);
insert into game values (130, 'Carolina Panthers', 'Atlanta Falcons', 'Upcoming', 'Loss', 'Win', '23-56', 'Sunny', 1, 130);
insert into game values (131, 'Carolina Panthers', 'Baltimore Ravens', 'Completed', 'Win', 'Loss', '18-40', 'Raining', 1, 131);
insert into game values (132, 'Carolina Panthers', 'Buffalo Bills', 'Ongoing', 'Loss', 'Win', '0-9', 'Sunny', 1, 132);
insert into game values (133, 'Carolina Panthers', 'Carolina Panthers', 'Ongoing', 'Win', 'Loss', '0-9', 'Cloud Coverage', 1, 133);
insert into game values (134, 'Carolina Panthers', 'Chicago Bears', 'Ongoing', 'Loss', 'Win', '20-12', 'Raining', 1, 134);
insert into game values (135, 'Carolina Panthers', 'Dallas Cowboys', 'Completed', 'Win', 'Loss', '0-9', 'Raining', 1, 135);
insert into game values (136, 'Carolina Panthers', 'Detroit Lions', 'Completed', 'Loss', 'Win', '20-12', 'Sunny', 1, 136);
insert into game values (137, 'Carolina Panthers', 'Green Bay Packers', 'Ongoing', 'Win', 'Loss', '4-6', 'Raining', 1, 137);
insert into game values (138, 'Carolina Panthers', 'Los Angeles Rams', 'Completed', 'Loss', 'Win', '20-12', 'Cloud Coverage', 1, 138);
insert into game values (139, 'Carolina Panthers', 'Minnesota Vikings', 'Ongoing', 'Win', 'Loss', '11-42', 'Cloud Coverage', 1, 139);
insert into game values (140, 'Carolina Panthers', 'New Orleans Saints', 'Completed', 'Loss', 'Win', '18-40', 'Windy', 1, 140);
insert into game values (141, 'Carolina Panthers', 'New York Giants', 'Ongoing', 'Win', 'Loss', '30-23', 'Sunny', 1, 141);
insert into game values (142, 'Carolina Panthers', 'Philadelphia Eagles', 'Completed', 'Loss', 'Win', '33-27', 'Overcast', 1, 142);
insert into game values (143, 'Carolina Panthers', 'San Francisco 49ers', 'Completed', 'Win', 'Loss', '33-27', 'Raining', 1, 143);
insert into game values (144, 'Carolina Panthers', 'Seattle Seahawks', 'Ongoing', 'Loss', 'Win', '22-1', 'Raining', 1, 144);
insert into game values (145, 'Carolina Panthers', 'Tampa Bay Buccaneers', 'Ongoing', 'Win', 'Loss', '0-9', 'Snowing', 1, 145);
insert into game values (146, 'Carolina Panthers', 'Washington Commanders', 'Upcoming', 'Loss', 'Win', '63-11', 'Windy', 1, 146);
insert into game values (147, 'Carolina Panthers', 'Cincinnati Bengals', 'Completed', 'Win', 'Loss', '0-9', 'Sunny', 1, 147);
insert into game values (148, 'Carolina Panthers', 'Cleveland Browns', 'Completed', 'Loss', 'Win', '22-1', 'Sunny', 1, 148);
insert into game values (149, 'Carolina Panthers', 'Denver Broncos', 'Ongoing', 'Win', 'Loss', '63-11', 'Raining', 1, 149);
insert into game values (150, 'Carolina Panthers', 'Houston Texans', 'Upcoming', 'Loss', 'Win', '33-27', 'Windy', 1, 150);
insert into game values (151, 'Carolina Panthers', 'Indianapolis Colts', 'Ongoing', 'Win', 'Loss', '0-9', 'Snowing', 1, 151);
insert into game values (152, 'Carolina Panthers', 'Jacksonville Jaguars', 'Completed', 'Loss', 'Win', '18-40', 'Snowing', 1, 152);
insert into game values (153, 'Carolina Panthers', 'Kansas City Chiefs', 'Upcoming', 'Win', 'Loss', '22-1', 'Sunny', 1, 153);
insert into game values (154, 'Carolina Panthers', 'Las Vegas Raiders', 'Ongoing', 'Loss', 'Win', '22-1', 'Raining', 1, 154);
insert into game values (155, 'Carolina Panthers', 'Los Angeles Chargers', 'Ongoing', 'Win', 'Loss', '18-40', 'Sunny', 1, 155);
insert into game values (156, 'Carolina Panthers', 'Miami Dolphins', 'Ongoing', 'Loss', 'Win', '20-12', 'Sunny', 1, 156);
insert into game values (157, 'Carolina Panthers', 'New England Patriots', 'Completed', 'Win', 'Loss', '11-42', 'Snowing', 1, 157);
insert into game values (158, 'Carolina Panthers', 'New York Jets', 'Upcoming', 'Loss', 'Win', '63-11', 'Overcast', 1, 158);
insert into game values (159, 'Carolina Panthers', 'Pittsburgh Steelers', 'Completed', 'Win', 'Loss', '4-6', 'Sunny', 1, 159);
insert into game values (160, 'Carolina Panthers', 'Tennessee Titans', 'Completed', 'Loss', 'Win', '30-23', 'Raining', 1, 160);
insert into game values (161, 'Chicago Bears', 'Arizona Cardinals', 'Completed', 'Win', 'Loss', '20-12', 'Snowing', 1, 161);
insert into game values (162, 'Chicago Bears', 'Atlanta Falcons', 'Completed', 'Loss', 'Win', '23-56', 'Cloud Coverage', 1, 162);
insert into game values (163, 'Chicago Bears', 'Baltimore Ravens', 'Upcoming', 'Win', 'Loss', '33-27', 'Windy', 1, 163);
insert into game values (164, 'Chicago Bears', 'Buffalo Bills', 'Completed', 'Loss', 'Win', '22-1', 'Sunny', 1, 164);
insert into game values (165, 'Chicago Bears', 'Carolina Panthers', 'Completed', 'Win', 'Loss', '4-6', 'Raining', 1, 165);
insert into game values (166, 'Chicago Bears', 'Chicago Bears', 'Completed', 'Loss', 'Win', '30-23', 'Windy', 1, 166);
insert into game values (167, 'Chicago Bears', 'Dallas Cowboys', 'Completed', 'Win', 'Loss', '0-9', 'Raining', 1, 167);
insert into game values (168, 'Chicago Bears', 'Detroit Lions', 'Completed', 'Loss', 'Win', '22-1', 'Raining', 1, 168);
insert into game values (169, 'Chicago Bears', 'Green Bay Packers', 'Upcoming', 'Win', 'Loss', '22-1', 'Windy', 1, 169);
insert into game values (170, 'Chicago Bears', 'Los Angeles Rams', 'Completed', 'Loss', 'Win', '63-11', 'Cloud Coverage', 1, 170);
insert into game values (171, 'Chicago Bears', 'Minnesota Vikings', 'Ongoing', 'Win', 'Loss', '22-1', 'Sunny', 1, 171);
insert into game values (172, 'Chicago Bears', 'New Orleans Saints', 'Ongoing', 'Loss', 'Win', '63-11', 'Cloud Coverage', 1, 172);
insert into game values (173, 'Chicago Bears', 'New York Giants', 'Ongoing', 'Win', 'Loss', '18-40', 'Sunny', 1, 173);
insert into game values (174, 'Chicago Bears', 'Philadelphia Eagles', 'Upcoming', 'Loss', 'Win', '30-23', 'Cloud Coverage', 1, 174);
insert into game values (175, 'Chicago Bears', 'San Francisco 49ers', 'Completed', 'Win', 'Loss', '20-12', 'Raining', 1, 175);
insert into game values (176, 'Chicago Bears', 'Seattle Seahawks', 'Upcoming', 'Loss', 'Win', '18-40', 'Overcast', 1, 176);
insert into game values (177, 'Chicago Bears', 'Tampa Bay Buccaneers', 'Ongoing', 'Win', 'Loss', '23-56', 'Overcast', 1, 177);
insert into game values (178, 'Chicago Bears', 'Washington Commanders', 'Ongoing', 'Loss', 'Win', '23-56', 'Windy', 1, 178);
insert into game values (179, 'Chicago Bears', 'Cincinnati Bengals', 'Completed', 'Win', 'Loss', '20-12', 'Overcast', 1, 179);
insert into game values (180, 'Chicago Bears', 'Cleveland Browns', 'Completed', 'Loss', 'Win', '20-12', 'Cloud Coverage', 1, 180);
insert into game values (181, 'Chicago Bears', 'Denver Broncos', 'Completed', 'Win', 'Loss', '20-12', 'Cloud Coverage', 1, 181);
insert into game values (182, 'Chicago Bears', 'Houston Texans', 'Completed', 'Loss', 'Win', '33-27', 'Cloud Coverage', 1, 182);
insert into game values (183, 'Chicago Bears', 'Indianapolis Colts', 'Ongoing', 'Win', 'Loss', '63-11', 'Cloud Coverage', 1, 183);
insert into game values (184, 'Chicago Bears', 'Jacksonville Jaguars', 'Completed', 'Loss', 'Win', '18-40', 'Windy', 1, 184);
insert into game values (185, 'Chicago Bears', 'Kansas City Chiefs', 'Upcoming', 'Win', 'Loss', '11-42', 'Windy', 1, 185);
insert into game values (186, 'Chicago Bears', 'Las Vegas Raiders', 'Upcoming', 'Loss', 'Win', '63-11', 'Snowing', 1, 186);
insert into game values (187, 'Chicago Bears', 'Los Angeles Chargers', 'Upcoming', 'Win', 'Loss', '63-11', 'Raining', 1, 187);
insert into game values (188, 'Chicago Bears', 'Miami Dolphins', 'Completed', 'Loss', 'Win', '33-27', 'Raining', 1, 188);
insert into game values (189, 'Chicago Bears', 'New England Patriots', 'Ongoing', 'Win', 'Loss', '33-27', 'Raining', 1, 189);
insert into game values (190, 'Chicago Bears', 'New York Jets', 'Ongoing', 'Loss', 'Win', '4-6', 'Overcast', 1, 190);
insert into game values (191, 'Chicago Bears', 'Pittsburgh Steelers', 'Upcoming', 'Win', 'Loss', '11-42', 'Cloud Coverage', 1, 191);
insert into game values (192, 'Chicago Bears', 'Tennessee Titans', 'Ongoing', 'Loss', 'Win', '23-56', 'Raining', 1, 192);
insert into game values (193, 'Dallas Cowboys', 'Arizona Cardinals', 'Completed', 'Win', 'Loss', '23-56', 'Raining', 1, 193);
insert into game values (194, 'Dallas Cowboys', 'Atlanta Falcons', 'Ongoing', 'Loss', 'Win', '4-6', 'Raining', 1, 194);
insert into game values (195, 'Dallas Cowboys', 'Baltimore Ravens', 'Upcoming', 'Win', 'Loss', '11-42', 'Cloud Coverage', 1, 195);
insert into game values (196, 'Dallas Cowboys', 'Buffalo Bills', 'Upcoming', 'Loss', 'Win', '4-6', 'Cloud Coverage', 1, 196);
insert into game values (197, 'Dallas Cowboys', 'Carolina Panthers', 'Completed', 'Win', 'Loss', '23-56', 'Raining', 1, 197);
insert into game values (198, 'Dallas Cowboys', 'Chicago Bears', 'Ongoing', 'Loss', 'Win', '33-27', 'Cloud Coverage', 1, 198);
insert into game values (199, 'Dallas Cowboys', 'Dallas Cowboys', 'Upcoming', 'Win', 'Loss', '33-27', 'Raining', 1, 199);
insert into game values (200, 'Dallas Cowboys', 'Detroit Lions', 'Ongoing', 'Loss', 'Win', '23-56', 'Raining', 1, 200);
insert into game values (201, 'Dallas Cowboys', 'Green Bay Packers', 'Completed', 'Win', 'Loss', '33-27', 'Snowing', 1, 201);
insert into game values (202, 'Dallas Cowboys', 'Los Angeles Rams', 'Completed', 'Loss', 'Win', '63-11', 'Overcast', 1, 202);
insert into game values (203, 'Dallas Cowboys', 'Minnesota Vikings', 'Upcoming', 'Win', 'Loss', '11-42', 'Cloud Coverage', 1, 203);
insert into game values (204, 'Dallas Cowboys', 'New Orleans Saints', 'Completed', 'Loss', 'Win', '18-40', 'Cloud Coverage', 1, 204);
insert into game values (205, 'Dallas Cowboys', 'New York Giants', 'Ongoing', 'Win', 'Loss', '4-6', 'Sunny', 1, 205);
insert into game values (206, 'Dallas Cowboys', 'Philadelphia Eagles', 'Ongoing', 'Loss', 'Win', '30-23', 'Sunny', 1, 206);
insert into game values (207, 'Dallas Cowboys', 'San Francisco 49ers', 'Upcoming', 'Win', 'Loss', '0-9', 'Snowing', 1, 207);
insert into game values (208, 'Dallas Cowboys', 'Seattle Seahawks', 'Upcoming', 'Loss', 'Win', '30-23', 'Sunny', 1, 208);
insert into game values (209, 'Dallas Cowboys', 'Tampa Bay Buccaneers', 'Upcoming', 'Win', 'Loss', '30-23', 'Sunny', 1, 209);
insert into game values (210, 'Dallas Cowboys', 'Washington Commanders', 'Completed', 'Loss', 'Win', '63-11', 'Raining', 1, 210);
insert into game values (211, 'Dallas Cowboys', 'Cincinnati Bengals', 'Completed', 'Win', 'Loss', '18-40', 'Overcast', 1, 211);
insert into game values (212, 'Dallas Cowboys', 'Cleveland Browns', 'Upcoming', 'Loss', 'Win', '20-12', 'Snowing', 1, 212);
insert into game values (213, 'Dallas Cowboys', 'Denver Broncos', 'Upcoming', 'Win', 'Loss', '4-6', 'Sunny', 1, 213);
insert into game values (214, 'Dallas Cowboys', 'Houston Texans', 'Completed', 'Loss', 'Win', '33-27', 'Raining', 1, 214);
insert into game values (215, 'Dallas Cowboys', 'Indianapolis Colts', 'Completed', 'Win', 'Loss', '23-56', 'Sunny', 1, 215);
insert into game values (216, 'Dallas Cowboys', 'Jacksonville Jaguars', 'Upcoming', 'Loss', 'Win', '20-12', 'Sunny', 1, 216);
insert into game values (217, 'Dallas Cowboys', 'Kansas City Chiefs', 'Ongoing', 'Win', 'Loss', '22-1', 'Windy', 1, 217);
insert into game values (218, 'Dallas Cowboys', 'Las Vegas Raiders', 'Completed', 'Loss', 'Win', '4-6', 'Raining', 1, 218);
insert into game values (219, 'Dallas Cowboys', 'Los Angeles Chargers', 'Upcoming', 'Win', 'Loss', '63-11', 'Overcast', 1, 219);
insert into game values (220, 'Dallas Cowboys', 'Miami Dolphins', 'Ongoing', 'Loss', 'Win', '20-12', 'Windy', 1, 220);
insert into game values (221, 'Dallas Cowboys', 'New England Patriots', 'Upcoming', 'Win', 'Loss', '4-6', 'Windy', 1, 221);
insert into game values (222, 'Dallas Cowboys', 'New York Jets', 'Ongoing', 'Loss', 'Win', '0-9', 'Sunny', 1, 222);
insert into game values (223, 'Dallas Cowboys', 'Pittsburgh Steelers', 'Ongoing', 'Win', 'Loss', '11-42', 'Raining', 1, 223);
insert into game values (224, 'Dallas Cowboys', 'Tennessee Titans', 'Ongoing', 'Loss', 'Win', '20-12', 'Overcast', 1, 224);
insert into game values (225, 'Detroit Lions', 'Arizona Cardinals', 'Upcoming', 'Win', 'Loss', '23-56', 'Overcast', 1, 225);
insert into game values (226, 'Detroit Lions', 'Atlanta Falcons', 'Completed', 'Loss', 'Win', '0-9', 'Sunny', 1, 226);
insert into game values (227, 'Detroit Lions', 'Baltimore Ravens', 'Completed', 'Win', 'Loss', '30-23', 'Raining', 1, 227);
insert into game values (228, 'Detroit Lions', 'Buffalo Bills', 'Completed', 'Loss', 'Win', '30-23', 'Sunny', 1, 228);
insert into game values (229, 'Detroit Lions', 'Carolina Panthers', 'Ongoing', 'Win', 'Loss', '63-11', 'Cloud Coverage', 1, 229);
insert into game values (230, 'Detroit Lions', 'Chicago Bears', 'Ongoing', 'Loss', 'Win', '11-42', 'Raining', 1, 230);
insert into game values (231, 'Detroit Lions', 'Dallas Cowboys', 'Upcoming', 'Win', 'Loss', '63-11', 'Snowing', 1, 231);
insert into game values (232, 'Detroit Lions', 'Detroit Lions', 'Ongoing', 'Loss', 'Win', '22-1', 'Cloud Coverage', 1, 232);
insert into game values (233, 'Detroit Lions', 'Green Bay Packers', 'Ongoing', 'Win', 'Loss', '20-12', 'Raining', 1, 233);
insert into game values (234, 'Detroit Lions', 'Los Angeles Rams', 'Upcoming', 'Loss', 'Win', '22-1', 'Overcast', 1, 234);
insert into game values (235, 'Detroit Lions', 'Minnesota Vikings', 'Ongoing', 'Win', 'Loss', '20-12', 'Cloud Coverage', 1, 235);
insert into game values (236, 'Detroit Lions', 'New Orleans Saints', 'Completed', 'Loss', 'Win', '18-40', 'Snowing', 1, 236);
insert into game values (237, 'Detroit Lions', 'New York Giants', 'Upcoming', 'Win', 'Loss', '33-27', 'Overcast', 1, 237);
insert into game values (238, 'Detroit Lions', 'Philadelphia Eagles', 'Ongoing', 'Loss', 'Win', '33-27', 'Sunny', 1, 238);
insert into game values (239, 'Detroit Lions', 'San Francisco 49ers', 'Ongoing', 'Win', 'Loss', '63-11', 'Raining', 1, 239);
insert into game values (240, 'Detroit Lions', 'Seattle Seahawks', 'Upcoming', 'Loss', 'Win', '33-27', 'Sunny', 1, 240);
insert into game values (241, 'Detroit Lions', 'Tampa Bay Buccaneers', 'Upcoming', 'Win', 'Loss', '63-11', 'Sunny', 1, 241);
insert into game values (242, 'Detroit Lions', 'Washington Commanders', 'Completed', 'Loss', 'Win', '30-23', 'Cloud Coverage', 1, 242);
insert into game values (243, 'Detroit Lions', 'Cincinnati Bengals', 'Upcoming', 'Win', 'Loss', '23-56', 'Cloud Coverage', 1, 243);
insert into game values (244, 'Detroit Lions', 'Cleveland Browns', 'Upcoming', 'Loss', 'Win', '33-27', 'Raining', 1, 244);
insert into game values (245, 'Detroit Lions', 'Denver Broncos', 'Upcoming', 'Win', 'Loss', '33-27', 'Overcast', 1, 245);
insert into game values (246, 'Detroit Lions', 'Houston Texans', 'Ongoing', 'Loss', 'Win', '23-56', 'Snowing', 1, 246);
insert into game values (247, 'Detroit Lions', 'Indianapolis Colts', 'Completed', 'Win', 'Loss', '20-12', 'Raining', 1, 247);
insert into game values (248, 'Detroit Lions', 'Jacksonville Jaguars', 'Upcoming', 'Loss', 'Win', '20-12', 'Sunny', 1, 248);
insert into game values (249, 'Detroit Lions', 'Kansas City Chiefs', 'Upcoming', 'Win', 'Loss', '4-6', 'Raining', 1, 249);
insert into game values (250, 'Detroit Lions', 'Las Vegas Raiders', 'Ongoing', 'Loss', 'Win', '18-40', 'Raining', 1, 250);
insert into game values (251, 'Detroit Lions', 'Los Angeles Chargers', 'Completed', 'Win', 'Loss', '30-23', 'Sunny', 1, 251);
insert into game values (252, 'Detroit Lions', 'Miami Dolphins', 'Upcoming', 'Loss', 'Win', '23-56', 'Sunny', 1, 252);
insert into game values (253, 'Detroit Lions', 'New England Patriots', 'Completed', 'Win', 'Loss', '11-42', 'Snowing', 1, 253);
insert into game values (254, 'Detroit Lions', 'New York Jets', 'Completed', 'Loss', 'Win', '63-11', 'Sunny', 1, 254);
insert into game values (255, 'Detroit Lions', 'Pittsburgh Steelers', 'Upcoming', 'Win', 'Loss', '11-42', 'Overcast', 1, 255);
insert into game values (256, 'Detroit Lions', 'Tennessee Titans', 'Ongoing', 'Loss', 'Win', '33-27', 'Raining', 1, 256);
insert into game values (257, 'Green Bay Packers', 'Arizona Cardinals', 'Upcoming', 'Win', 'Loss', '33-27', 'Sunny', 1, 257);
insert into game values (258, 'Green Bay Packers', 'Atlanta Falcons', 'Ongoing', 'Loss', 'Win', '23-56', 'Windy', 1, 258);
insert into game values (259, 'Green Bay Packers', 'Baltimore Ravens', 'Ongoing', 'Win', 'Loss', '4-6', 'Snowing', 1, 259);
insert into game values (260, 'Green Bay Packers', 'Buffalo Bills', 'Completed', 'Loss', 'Win', '18-40', 'Overcast', 1, 260);
insert into game values (261, 'Green Bay Packers', 'Carolina Panthers', 'Ongoing', 'Win', 'Loss', '0-9', 'Cloud Coverage', 1, 261);
insert into game values (262, 'Green Bay Packers', 'Chicago Bears', 'Ongoing', 'Loss', 'Win', '63-11', 'Cloud Coverage', 1, 262);
insert into game values (263, 'Green Bay Packers', 'Dallas Cowboys', 'Ongoing', 'Win', 'Loss', '4-6', 'Windy', 1, 263);
insert into game values (264, 'Green Bay Packers', 'Detroit Lions', 'Upcoming', 'Loss', 'Win', '4-6', 'Sunny', 1, 264);
insert into game values (265, 'Green Bay Packers', 'Green Bay Packers', 'Ongoing', 'Win', 'Loss', '63-11', 'Overcast', 1, 265);
insert into game values (266, 'Green Bay Packers', 'Los Angeles Rams', 'Ongoing', 'Loss', 'Win', '4-6', 'Raining', 1, 266);
insert into game values (267, 'Green Bay Packers', 'Minnesota Vikings', 'Upcoming', 'Win', 'Loss', '23-56', 'Overcast', 1, 267);
insert into game values (268, 'Green Bay Packers', 'New Orleans Saints', 'Upcoming', 'Loss', 'Win', '0-9', 'Overcast', 1, 268);
insert into game values (269, 'Green Bay Packers', 'New York Giants', 'Completed', 'Win', 'Loss', '18-40', 'Snowing', 1, 269);
insert into game values (270, 'Green Bay Packers', 'Philadelphia Eagles', 'Completed', 'Loss', 'Win', '22-1', 'Snowing', 1, 270);
insert into game values (271, 'Green Bay Packers', 'San Francisco 49ers', 'Completed', 'Win', 'Loss', '30-23', 'Snowing', 1, 271);
insert into game values (272, 'Green Bay Packers', 'Seattle Seahawks', 'Completed', 'Loss', 'Win', '20-12', 'Snowing', 1, 272);


CREATE TABLE better (
    user_id INT NOT NULL AUTO_INCREMENT,
    currencyTotal DOUBLE NOT NULL,
    -- betID INT, We need to discuss decoupling betIDs from betters to allow multiple bets to one better
    PRIMARY KEY (user_id)
    -- FOREIGN KEY (betID) REFERENCES bet (bet_id)
);

INSERT INTO better (currencyTotal)
VALUES
    (10000);

CREATE TABLE team_in_game (
    teaminGameName VARCHAR(30) NOT NULL,
    teamStats VARCHAR(200) NOT NULL,
    PRIMARY KEY (teaminGameName),
    FOREIGN KEY (teaminGameName) REFERENCES team (teamName)
);

insert into team_in_game values ('Arizona Cardinals', 'Rush heavy');
insert into team_in_game values ('Atlanta Falcons', 'Rush heavy');
insert into team_in_game values ('Baltimore Ravens', 'High possession rate');
insert into team_in_game values ('Buffalo Bills', 'Highly Defensive');
insert into team_in_game values ('Carolina Panthers', 'Highly Defensive');
insert into team_in_game values ('Chicago Bears', 'Rush heavy');
insert into team_in_game values ('Dallas Cowboys', 'Constant Interceptions');
insert into team_in_game values ('Detroit Lions', 'Constant Interceptions');
insert into team_in_game values ('Green Bay Packers', 'Constant Interceptions');
insert into team_in_game values ('Los Angeles Rams', 'Highly Defensive');
insert into team_in_game values ('Minnesota Vikings', 'Highly Defensive');
insert into team_in_game values ('New Orleans Saints', 'Constant Interceptions');
insert into team_in_game values ('New York Giants', 'High possession rate');
insert into team_in_game values ('Philadelphia Eagles', 'Highly Defensive');
insert into team_in_game values ('San Francisco 49ers', 'Rush heavy');
insert into team_in_game values ('Seattle Seahawks', 'High possession rate');
insert into team_in_game values ('Tampa Bay Buccaneers', 'High possession rate');
insert into team_in_game values ('Washington Commanders', 'Constant Interceptions');
insert into team_in_game values ('Cincinnati Bengals', 'Highly Defensive');
insert into team_in_game values ('Cleveland Browns', 'Highly Defensive');
insert into team_in_game values ('Denver Broncos', 'Constant Interceptions');
insert into team_in_game values ('Houston Texans', 'Rush heavy');
insert into team_in_game values ('Indianapolis Colts', 'Highly Defensive');
insert into team_in_game values ('Jacksonville Jaguars', 'Rush heavy');
insert into team_in_game values ('Kansas City Chiefs', 'Highly Defensive');
insert into team_in_game values ('Las Vegas Raiders', 'Rush heavy');
insert into team_in_game values ('Los Angeles Chargers', 'Rush heavy');
insert into team_in_game values ('Miami Dolphins', 'Highly Defensive');
insert into team_in_game values ('New England Patriots', 'Highly Defensive');
insert into team_in_game values ('New York Jets', 'Rush heavy');
insert into team_in_game values ('Pittsburgh Steelers', 'Highly Defensive');
insert into team_in_game values ('Tennessee Titans', 'Highly Defensive');
